source,target,relation,evidence_doc_id,weight
DIS-01,CROP-01,affectsCrop,DOC-DIS-001,1.0
DIS-02,CROP-01,affectsCrop,DOC-DIS-002,1.0
DIS-03,CROP-01,affectsCrop,DOC-DIS-003,1.0
DIS-04,CROP-01,affectsCrop,DOC-DIS-004,1.0
DIS-05,CROP-01,affectsCrop,DOC-DIS-005,1.0
DIS-06,CROP-01,affectsCrop,DOC-DIS-006,1.0
DIS-07,CROP-01,affectsCrop,DOC-DIS-007,1.0
DIS-08,CROP-01,affectsCrop,DOC-DIS-008,1.0
PST-01,DOC-PST-001,evidenceFrom,DOC-PST-001,1.0
PST-02,DOC-PST-002,evidenceFrom,DOC-PST-002,1.0
PST-03,DOC-PST-003,evidenceFrom,DOC-PST-003,1.0
PST-04,DOC-PST-004,evidenceFrom,DOC-PST-004,1.0
PST-05,DOC-PST-005,evidenceFrom,DOC-PST-005,1.0
PST-06,DOC-PST-006,evidenceFrom,DOC-PST-006,1.0
PST-07,DOC-PST-007,evidenceFrom,DOC-PST-007,1.0
PST-08,DOC-PST-008,evidenceFrom,DOC-PST-008,1.0
PST-09,DOC-PST-009,evidenceFrom,DOC-PST-009,1.0
PST-10,DOC-PST-010,evidenceFrom,DOC-PST-010,1.0
PST-11,DOC-PST-011,evidenceFrom,DOC-PST-011,1.0
PST-12,DOC-PST-012,evidenceFrom,DOC-PST-012,1.0
DIS-01,SYM-01,hasTypicalSymptom,DOC-DIS-001,1.0
DIS-01,SYM-02,hasTypicalSymptom,DOC-DIS-001,0.88
DIS-01,SYM-03,hasTypicalSymptom,DOC-DIS-001,0.76
DIS-01,SYM-04,hasTypicalSymptom,DOC-DIS-001,0.64
DIS-02,SYM-05,hasTypicalSymptom,DOC-DIS-002,1.0
DIS-02,SYM-03,hasTypicalSymptom,DOC-DIS-002,0.88
DIS-03,SYM-06,hasTypicalSymptom,DOC-DIS-003,1.0
DIS-03,SYM-07,hasTypicalSymptom,DOC-DIS-003,0.88
DIS-03,SYM-03,hasTypicalSymptom,DOC-DIS-003,0.76
DIS-04,SYM-08,hasTypicalSymptom,DOC-DIS-004,1.0
DIS-04,SYM-09,hasTypicalSymptom,DOC-DIS-004,0.88
DIS-04,SYM-03,hasTypicalSymptom,DOC-DIS-004,0.76
DIS-05,SYM-10,hasTypicalSymptom,DOC-DIS-005,1.0
DIS-05,SYM-11,hasTypicalSymptom,DOC-DIS-005,0.88
DIS-05,SYM-03,hasTypicalSymptom,DOC-DIS-005,0.76
DIS-06,SYM-12,hasTypicalSymptom,DOC-DIS-006,1.0
DIS-06,SYM-13,hasTypicalSymptom,DOC-DIS-006,0.88
DIS-06,SYM-03,hasTypicalSymptom,DOC-DIS-006,0.76
DIS-07,SYM-01,hasTypicalSymptom,DOC-DIS-007,1.0
DIS-07,SYM-14,hasTypicalSymptom,DOC-DIS-007,0.88
DIS-07,SYM-03,hasTypicalSymptom,DOC-DIS-007,0.76
DIS-08,SYM-15,hasTypicalSymptom,DOC-DIS-008,1.0
DIS-08,SYM-16,hasTypicalSymptom,DOC-DIS-008,0.88
DIS-01,PST-01,recommendedPesticide,DOC-PST-001,1.0
DIS-01,PST-02,recommendedPesticide,DOC-PST-002,0.8
DIS-01,PST-03,recommendedPesticide,DOC-PST-003,0.6
DIS-02,PST-04,recommendedPesticide,DOC-PST-004,1.0
DIS-02,PST-02,recommendedPesticide,DOC-PST-002,0.8
DIS-02,PST-05,recommendedPesticide,DOC-PST-005,0.6
DIS-03,PST-06,recommendedPesticide,DOC-PST-006,1.0
DIS-03,PST-07,recommendedPesticide,DOC-PST-007,0.8
DIS-03,PST-08,recommendedPesticide,DOC-PST-008,0.6
DIS-04,PST-02,recommendedPesticide,DOC-PST-002,1.0
DIS-04,PST-09,recommendedPesticide,DOC-PST-009,0.8
DIS-04,PST-03,recommendedPesticide,DOC-PST-003,0.6
DIS-05,PST-04,recommendedPesticide,DOC-PST-004,1.0
DIS-05,PST-10,recommendedPesticide,DOC-PST-010,0.8
DIS-05,PST-11,recommendedPesticide,DOC-PST-011,0.6
DIS-06,PST-06,recommendedPesticide,DOC-PST-006,1.0
DIS-06,PST-12,recommendedPesticide,DOC-PST-012,0.8
DIS-06,PST-03,recommendedPesticide,DOC-PST-003,0.6
DIS-07,PST-09,recommendedPesticide,DOC-PST-009,1.0
DIS-07,PST-11,recommendedPesticide,DOC-PST-011,0.8
DIS-07,PST-05,recommendedPesticide,DOC-PST-005,0.6
DIS-08,PST-07,recommendedPesticide,DOC-PST-007,1.0
DIS-08,PST-10,recommendedPesticide,DOC-PST-010,0.8
DIS-08,PST-12,recommendedPesticide,DOC-PST-012,0.6
DIS-01,DOC-DIS-001,evidenceFrom,DOC-DIS-001,1.0
DIS-02,DOC-DIS-002,evidenceFrom,DOC-DIS-002,1.0
DIS-03,DOC-DIS-003,evidenceFrom,DOC-DIS-003,1.0
DIS-04,DOC-DIS-004,evidenceFrom,DOC-DIS-004,1.0
DIS-05,DOC-DIS-005,evidenceFrom,DOC-DIS-005,1.0
DIS-06,DOC-DIS-006,evidenceFrom,DOC-DIS-006,1.0
DIS-07,DOC-DIS-007,evidenceFrom,DOC-DIS-007,1.0
DIS-08,DOC-DIS-008,evidenceFrom,DOC-DIS-008,1.0
CASE-2025-0001,CROP-01,ofCrop,DOC-CASE-001,1.0
CASE-2025-0001,REG-01,observedIn,DOC-CASE-001,1.0
CASE-2025-0001,DIS-01,diagnosedAs,DOC-CASE-001,1.0
CASE-2025-0001,DOC-CASE-001,evidenceFrom,DOC-CASE-001,1.0
CASE-2025-0001,SYM-01,hasObservedSymptom,DOC-CASE-001,1.0
CASE-2025-0001,SYM-02,hasObservedSymptom,DOC-CASE-001,1.0
CASE-2025-0001,SYM-03,hasObservedSymptom,DOC-CASE-001,1.0
CASE-2025-0001,SYM-04,hasObservedSymptom,DOC-CASE-001,1.0
CASE-2025-0002,CROP-01,ofCrop,DOC-CASE-001,1.0
CASE-2025-0002,REG-01,observedIn,DOC-CASE-001,1.0
CASE-2025-0002,DIS-01,diagnosedAs,DOC-CASE-001,1.0
CASE-2025-0002,DOC-CASE-001,evidenceFrom,DOC-CASE-001,1.0
CASE-2025-0002,SYM-01,hasObservedSymptom,DOC-CASE-001,1.0
CASE-2025-0002,SYM-02,hasObservedSymptom,DOC-CASE-001,1.0
CASE-2025-0002,SYM-03,hasObservedSymptom,DOC-CASE-001,1.0
CASE-2025-0002,SYM-04,hasObservedSymptom,DOC-CASE-001,1.0
CASE-2025-0003,CROP-01,ofCrop,DOC-CASE-001,1.0
CASE-2025-0003,REG-01,observedIn,DOC-CASE-001,1.0
CASE-2025-0003,DIS-01,diagnosedAs,DOC-CASE-001,1.0
CASE-2025-0003,DOC-CASE-001,evidenceFrom,DOC-CASE-001,1.0
CASE-2025-0003,SYM-01,hasObservedSymptom,DOC-CASE-001,1.0
CASE-2025-0003,SYM-02,hasObservedSymptom,DOC-CASE-001,1.0
CASE-2025-0003,SYM-03,hasObservedSymptom,DOC-CASE-001,1.0
CASE-2025-0003,SYM-04,hasObservedSymptom,DOC-CASE-001,1.0
CASE-2025-0004,CROP-01,ofCrop,DOC-CASE-001,1.0
CASE-2025-0004,REG-01,observedIn,DOC-CASE-001,1.0
CASE-2025-0004,DIS-01,diagnosedAs,DOC-CASE-001,1.0
CASE-2025-0004,DOC-CASE-001,evidenceFrom,DOC-CASE-001,1.0
CASE-2025-0004,SYM-01,hasObservedSymptom,DOC-CASE-001,1.0
CASE-2025-0004,SYM-02,hasObservedSymptom,DOC-CASE-001,1.0
CASE-2025-0004,SYM-03,hasObservedSymptom,DOC-CASE-001,1.0
CASE-2025-0004,SYM-04,hasObservedSymptom,DOC-CASE-001,1.0
CASE-2025-0005,CROP-01,ofCrop,DOC-CASE-002,1.0
CASE-2025-0005,REG-01,observedIn,DOC-CASE-002,1.0
CASE-2025-0005,DIS-01,diagnosedAs,DOC-CASE-002,1.0
CASE-2025-0005,DOC-CASE-002,evidenceFrom,DOC-CASE-002,1.0
CASE-2025-0005,SYM-01,hasObservedSymptom,DOC-CASE-002,1.0
CASE-2025-0005,SYM-02,hasObservedSymptom,DOC-CASE-002,1.0
CASE-2025-0005,SYM-03,hasObservedSymptom,DOC-CASE-002,1.0
CASE-2025-0005,SYM-04,hasObservedSymptom,DOC-CASE-002,1.0
CASE-2025-0006,CROP-01,ofCrop,DOC-CASE-002,1.0
CASE-2025-0006,REG-01,observedIn,DOC-CASE-002,1.0
CASE-2025-0006,DIS-01,diagnosedAs,DOC-CASE-002,1.0
CASE-2025-0006,DOC-CASE-002,evidenceFrom,DOC-CASE-002,1.0
CASE-2025-0006,SYM-01,hasObservedSymptom,DOC-CASE-002,1.0
CASE-2025-0006,SYM-02,hasObservedSymptom,DOC-CASE-002,1.0
CASE-2025-0006,SYM-03,hasObservedSymptom,DOC-CASE-002,1.0
CASE-2025-0006,SYM-04,hasObservedSymptom,DOC-CASE-002,1.0
CASE-2025-0007,CROP-01,ofCrop,DOC-CASE-002,1.0
CASE-2025-0007,REG-01,observedIn,DOC-CASE-002,1.0
CASE-2025-0007,DIS-01,diagnosedAs,DOC-CASE-002,1.0
CASE-2025-0007,DOC-CASE-002,evidenceFrom,DOC-CASE-002,1.0
CASE-2025-0007,SYM-01,hasObservedSymptom,DOC-CASE-002,1.0
CASE-2025-0007,SYM-02,hasObservedSymptom,DOC-CASE-002,1.0
CASE-2025-0007,SYM-03,hasObservedSymptom,DOC-CASE-002,1.0
CASE-2025-0007,SYM-04,hasObservedSymptom,DOC-CASE-002,1.0
CASE-2025-0008,CROP-01,ofCrop,DOC-CASE-002,1.0
CASE-2025-0008,REG-01,observedIn,DOC-CASE-002,1.0
CASE-2025-0008,DIS-01,diagnosedAs,DOC-CASE-002,1.0
CASE-2025-0008,DOC-CASE-002,evidenceFrom,DOC-CASE-002,1.0
CASE-2025-0008,SYM-01,hasObservedSymptom,DOC-CASE-002,1.0
CASE-2025-0008,SYM-02,hasObservedSymptom,DOC-CASE-002,1.0
CASE-2025-0008,SYM-03,hasObservedSymptom,DOC-CASE-002,1.0
CASE-2025-0009,CROP-01,ofCrop,DOC-CASE-003,1.0
CASE-2025-0009,REG-01,observedIn,DOC-CASE-003,1.0
CASE-2025-0009,DIS-01,diagnosedAs,DOC-CASE-003,1.0
CASE-2025-0009,DOC-CASE-003,evidenceFrom,DOC-CASE-003,1.0
CASE-2025-0009,SYM-01,hasObservedSymptom,DOC-CASE-003,1.0
CASE-2025-0009,SYM-02,hasObservedSymptom,DOC-CASE-003,1.0
CASE-2025-0009,SYM-03,hasObservedSymptom,DOC-CASE-003,1.0
CASE-2025-0010,CROP-01,ofCrop,DOC-CASE-003,1.0
CASE-2025-0010,REG-01,observedIn,DOC-CASE-003,1.0
CASE-2025-0010,DIS-01,diagnosedAs,DOC-CASE-003,1.0
CASE-2025-0010,DOC-CASE-003,evidenceFrom,DOC-CASE-003,1.0
CASE-2025-0010,SYM-01,hasObservedSymptom,DOC-CASE-003,1.0
CASE-2025-0010,SYM-02,hasObservedSymptom,DOC-CASE-003,1.0
CASE-2025-0010,SYM-03,hasObservedSymptom,DOC-CASE-003,1.0
CASE-2025-0011,CROP-01,ofCrop,DOC-CASE-003,1.0
CASE-2025-0011,REG-01,observedIn,DOC-CASE-003,1.0
CASE-2025-0011,DIS-01,diagnosedAs,DOC-CASE-003,1.0
CASE-2025-0011,DOC-CASE-003,evidenceFrom,DOC-CASE-003,1.0
CASE-2025-0011,SYM-01,hasObservedSymptom,DOC-CASE-003,1.0
CASE-2025-0011,SYM-02,hasObservedSymptom,DOC-CASE-003,1.0
CASE-2025-0011,SYM-03,hasObservedSymptom,DOC-CASE-003,1.0
CASE-2025-0012,CROP-01,ofCrop,DOC-CASE-003,1.0
CASE-2025-0012,REG-01,observedIn,DOC-CASE-003,1.0
CASE-2025-0012,DIS-01,diagnosedAs,DOC-CASE-003,1.0
CASE-2025-0012,DOC-CASE-003,evidenceFrom,DOC-CASE-003,1.0
CASE-2025-0012,SYM-01,hasObservedSymptom,DOC-CASE-003,1.0
CASE-2025-0012,SYM-02,hasObservedSymptom,DOC-CASE-003,1.0
CASE-2025-0013,CROP-01,ofCrop,DOC-CASE-004,1.0
CASE-2025-0013,REG-01,observedIn,DOC-CASE-004,1.0
CASE-2025-0013,DIS-01,diagnosedAs,DOC-CASE-004,1.0
CASE-2025-0013,DOC-CASE-004,evidenceFrom,DOC-CASE-004,1.0
CASE-2025-0013,SYM-01,hasObservedSymptom,DOC-CASE-004,1.0
CASE-2025-0013,SYM-02,hasObservedSymptom,DOC-CASE-004,1.0
CASE-2025-0014,CROP-01,ofCrop,DOC-CASE-004,1.0
CASE-2025-0014,REG-01,observedIn,DOC-CASE-004,1.0
CASE-2025-0014,DIS-01,diagnosedAs,DOC-CASE-004,1.0
CASE-2025-0014,DOC-CASE-004,evidenceFrom,DOC-CASE-004,1.0
CASE-2025-0014,SYM-01,hasObservedSymptom,DOC-CASE-004,1.0
CASE-2025-0015,CROP-01,ofCrop,DOC-CASE-004,1.0
CASE-2025-0015,REG-01,observedIn,DOC-CASE-004,1.0
CASE-2025-0015,DIS-01,diagnosedAs,DOC-CASE-004,1.0
CASE-2025-0015,DOC-CASE-004,evidenceFrom,DOC-CASE-004,1.0
CASE-2025-0015,SYM-01,hasObservedSymptom,DOC-CASE-004,1.0
CASE-2025-0016,CROP-01,ofCrop,DOC-CASE-004,1.0
CASE-2025-0016,REG-01,observedIn,DOC-CASE-004,1.0
CASE-2025-0016,DIS-01,diagnosedAs,DOC-CASE-004,1.0
CASE-2025-0016,DOC-CASE-004,evidenceFrom,DOC-CASE-004,1.0
CASE-2025-0016,SYM-01,hasObservedSymptom,DOC-CASE-004,1.0
CASE-2025-0017,CROP-01,ofCrop,DOC-CASE-005,1.0
CASE-2025-0017,REG-01,observedIn,DOC-CASE-005,1.0
CASE-2025-0017,DIS-01,diagnosedAs,DOC-CASE-005,1.0
CASE-2025-0017,DOC-CASE-005,evidenceFrom,DOC-CASE-005,1.0
CASE-2025-0017,SYM-01,hasObservedSymptom,DOC-CASE-005,1.0
CASE-2025-0018,CROP-01,ofCrop,DOC-CASE-005,1.0
CASE-2025-0018,REG-01,observedIn,DOC-CASE-005,1.0
CASE-2025-0018,DIS-01,diagnosedAs,DOC-CASE-005,1.0
CASE-2025-0018,DOC-CASE-005,evidenceFrom,DOC-CASE-005,1.0
CASE-2025-0018,SYM-01,hasObservedSymptom,DOC-CASE-005,1.0
CASE-2025-0019,CROP-01,ofCrop,DOC-CASE-005,1.0
CASE-2025-0019,REG-01,observedIn,DOC-CASE-005,1.0
CASE-2025-0019,DIS-07,diagnosedAs,DOC-CASE-005,1.0
CASE-2025-0019,DOC-CASE-005,evidenceFrom,DOC-CASE-005,1.0
CASE-2025-0019,SYM-01,hasObservedSymptom,DOC-CASE-005,1.0
CASE-2025-0019,SYM-14,hasObservedSymptom,DOC-CASE-005,1.0
CASE-2025-0019,SYM-03,hasObservedSymptom,DOC-CASE-005,1.0
CASE-2025-0020,CROP-01,ofCrop,DOC-CASE-005,1.0
CASE-2025-0020,REG-01,observedIn,DOC-CASE-005,1.0
CASE-2025-0020,DIS-07,diagnosedAs,DOC-CASE-005,1.0
CASE-2025-0020,DOC-CASE-005,evidenceFrom,DOC-CASE-005,1.0
CASE-2025-0020,SYM-01,hasObservedSymptom,DOC-CASE-005,1.0
CASE-2025-0020,SYM-14,hasObservedSymptom,DOC-CASE-005,1.0
CASE-2025-0020,SYM-03,hasObservedSymptom,DOC-CASE-005,1.0
CASE-2025-0021,CROP-01,ofCrop,DOC-CASE-006,1.0
CASE-2025-0021,REG-01,observedIn,DOC-CASE-006,1.0
CASE-2025-0021,DIS-07,diagnosedAs,DOC-CASE-006,1.0
CASE-2025-0021,DOC-CASE-006,evidenceFrom,DOC-CASE-006,1.0
CASE-2025-0021,SYM-01,hasObservedSymptom,DOC-CASE-006,1.0
CASE-2025-0021,SYM-14,hasObservedSymptom,DOC-CASE-006,1.0
CASE-2025-0022,CROP-01,ofCrop,DOC-CASE-006,1.0
CASE-2025-0022,REG-01,observedIn,DOC-CASE-006,1.0
CASE-2025-0022,DIS-07,diagnosedAs,DOC-CASE-006,1.0
CASE-2025-0022,DOC-CASE-006,evidenceFrom,DOC-CASE-006,1.0
CASE-2025-0022,SYM-01,hasObservedSymptom,DOC-CASE-006,1.0
CASE-2025-0022,SYM-14,hasObservedSymptom,DOC-CASE-006,1.0
CASE-2025-0023,CROP-01,ofCrop,DOC-CASE-006,1.0
CASE-2025-0023,REG-01,observedIn,DOC-CASE-006,1.0
CASE-2025-0023,DIS-03,diagnosedAs,DOC-CASE-006,1.0
CASE-2025-0023,DOC-CASE-006,evidenceFrom,DOC-CASE-006,1.0
CASE-2025-0023,SYM-01,hasObservedSymptom,DOC-CASE-006,1.0
CASE-2025-0023,SYM-06,hasObservedSymptom,DOC-CASE-006,1.0
CASE-2025-0023,SYM-07,hasObservedSymptom,DOC-CASE-006,1.0
CASE-2025-0024,CROP-01,ofCrop,DOC-CASE-006,1.0
CASE-2025-0024,REG-01,observedIn,DOC-CASE-006,1.0
CASE-2025-0024,DIS-03,diagnosedAs,DOC-CASE-006,1.0
CASE-2025-0024,DOC-CASE-006,evidenceFrom,DOC-CASE-006,1.0
CASE-2025-0024,SYM-01,hasObservedSymptom,DOC-CASE-006,1.0
CASE-2025-0024,SYM-06,hasObservedSymptom,DOC-CASE-006,1.0
CASE-2025-0024,SYM-07,hasObservedSymptom,DOC-CASE-006,1.0
CASE-2025-0025,CROP-01,ofCrop,DOC-CASE-007,1.0
CASE-2025-0025,REG-01,observedIn,DOC-CASE-007,1.0
CASE-2025-0025,DIS-02,diagnosedAs,DOC-CASE-007,1.0
CASE-2025-0025,DOC-CASE-007,evidenceFrom,DOC-CASE-007,1.0
CASE-2025-0025,SYM-05,hasObservedSymptom,DOC-CASE-007,1.0
CASE-2025-0025,SYM-03,hasObservedSymptom,DOC-CASE-007,1.0
CASE-2025-0026,CROP-01,ofCrop,DOC-CASE-007,1.0
CASE-2025-0026,REG-01,observedIn,DOC-CASE-007,1.0
CASE-2025-0026,DIS-04,diagnosedAs,DOC-CASE-007,1.0
CASE-2025-0026,DOC-CASE-007,evidenceFrom,DOC-CASE-007,1.0
CASE-2025-0026,SYM-08,hasObservedSymptom,DOC-CASE-007,1.0
CASE-2025-0026,SYM-09,hasObservedSymptom,DOC-CASE-007,1.0
CASE-2025-0027,CROP-01,ofCrop,DOC-CASE-007,1.0
CASE-2025-0027,REG-01,observedIn,DOC-CASE-007,1.0
CASE-2025-0027,DIS-05,diagnosedAs,DOC-CASE-007,1.0
CASE-2025-0027,DOC-CASE-007,evidenceFrom,DOC-CASE-007,1.0
CASE-2025-0027,SYM-10,hasObservedSymptom,DOC-CASE-007,1.0
CASE-2025-0027,SYM-11,hasObservedSymptom,DOC-CASE-007,1.0
CASE-2025-0028,CROP-01,ofCrop,DOC-CASE-007,1.0
CASE-2025-0028,REG-01,observedIn,DOC-CASE-007,1.0
CASE-2025-0028,DIS-06,diagnosedAs,DOC-CASE-007,1.0
CASE-2025-0028,DOC-CASE-007,evidenceFrom,DOC-CASE-007,1.0
CASE-2025-0028,SYM-12,hasObservedSymptom,DOC-CASE-007,1.0
CASE-2025-0028,SYM-13,hasObservedSymptom,DOC-CASE-007,1.0
CASE-2025-0029,CROP-01,ofCrop,DOC-CASE-008,1.0
CASE-2025-0029,REG-01,observedIn,DOC-CASE-008,1.0
CASE-2025-0029,DIS-08,diagnosedAs,DOC-CASE-008,1.0
CASE-2025-0029,DOC-CASE-008,evidenceFrom,DOC-CASE-008,1.0
CASE-2025-0029,SYM-15,hasObservedSymptom,DOC-CASE-008,1.0
CASE-2025-0029,SYM-16,hasObservedSymptom,DOC-CASE-008,1.0
CASE-2025-0030,CROP-01,ofCrop,DOC-CASE-008,1.0
CASE-2025-0030,REG-01,observedIn,DOC-CASE-008,1.0
CASE-2025-0030,DIS-02,diagnosedAs,DOC-CASE-008,1.0
CASE-2025-0030,DOC-CASE-008,evidenceFrom,DOC-CASE-008,1.0
CASE-2025-0030,SYM-05,hasObservedSymptom,DOC-CASE-008,1.0
CASE-2025-0030,SYM-03,hasObservedSymptom,DOC-CASE-008,1.0
CASE-2025-0031,CROP-01,ofCrop,DOC-CASE-008,1.0
CASE-2025-0031,REG-01,observedIn,DOC-CASE-008,1.0
CASE-2025-0031,DIS-04,diagnosedAs,DOC-CASE-008,1.0
CASE-2025-0031,DOC-CASE-008,evidenceFrom,DOC-CASE-008,1.0
CASE-2025-0031,SYM-08,hasObservedSymptom,DOC-CASE-008,1.0
CASE-2025-0031,SYM-09,hasObservedSymptom,DOC-CASE-008,1.0
CASE-2025-0032,CROP-01,ofCrop,DOC-CASE-008,1.0
CASE-2025-0032,REG-01,observedIn,DOC-CASE-008,1.0
CASE-2025-0032,DIS-05,diagnosedAs,DOC-CASE-008,1.0
CASE-2025-0032,DOC-CASE-008,evidenceFrom,DOC-CASE-008,1.0
CASE-2025-0032,SYM-10,hasObservedSymptom,DOC-CASE-008,1.0
CASE-2025-0032,SYM-11,hasObservedSymptom,DOC-CASE-008,1.0
CASE-2025-0033,CROP-01,ofCrop,DOC-CASE-009,1.0
CASE-2025-0033,REG-01,observedIn,DOC-CASE-009,1.0
CASE-2025-0033,DIS-06,diagnosedAs,DOC-CASE-009,1.0
CASE-2025-0033,DOC-CASE-009,evidenceFrom,DOC-CASE-009,1.0
CASE-2025-0033,SYM-12,hasObservedSymptom,DOC-CASE-009,1.0
CASE-2025-0033,SYM-13,hasObservedSymptom,DOC-CASE-009,1.0
CASE-2025-0034,CROP-01,ofCrop,DOC-CASE-009,1.0
CASE-2025-0034,REG-01,observedIn,DOC-CASE-009,1.0
CASE-2025-0034,DIS-08,diagnosedAs,DOC-CASE-009,1.0
CASE-2025-0034,DOC-CASE-009,evidenceFrom,DOC-CASE-009,1.0
CASE-2025-0034,SYM-15,hasObservedSymptom,DOC-CASE-009,1.0
CASE-2025-0034,SYM-16,hasObservedSymptom,DOC-CASE-009,1.0
CASE-2025-0035,CROP-01,ofCrop,DOC-CASE-009,1.0
CASE-2025-0035,REG-01,observedIn,DOC-CASE-009,1.0
CASE-2025-0035,DIS-02,diagnosedAs,DOC-CASE-009,1.0
CASE-2025-0035,DOC-CASE-009,evidenceFrom,DOC-CASE-009,1.0
CASE-2025-0035,SYM-05,hasObservedSymptom,DOC-CASE-009,1.0
CASE-2025-0035,SYM-03,hasObservedSymptom,DOC-CASE-009,1.0
CASE-2025-0036,CROP-01,ofCrop,DOC-CASE-009,1.0
CASE-2025-0036,REG-01,observedIn,DOC-CASE-009,1.0
CASE-2025-0036,DIS-04,diagnosedAs,DOC-CASE-009,1.0
CASE-2025-0036,DOC-CASE-009,evidenceFrom,DOC-CASE-009,1.0
CASE-2025-0036,SYM-08,hasObservedSymptom,DOC-CASE-009,1.0
CASE-2025-0036,SYM-09,hasObservedSymptom,DOC-CASE-009,1.0
CASE-2025-0037,CROP-01,ofCrop,DOC-CASE-010,1.0
CASE-2025-0037,REG-01,observedIn,DOC-CASE-010,1.0
CASE-2025-0037,DIS-05,diagnosedAs,DOC-CASE-010,1.0
CASE-2025-0037,DOC-CASE-010,evidenceFrom,DOC-CASE-010,1.0
CASE-2025-0037,SYM-10,hasObservedSymptom,DOC-CASE-010,1.0
CASE-2025-0037,SYM-11,hasObservedSymptom,DOC-CASE-010,1.0
CASE-2025-0038,CROP-01,ofCrop,DOC-CASE-010,1.0
CASE-2025-0038,REG-01,observedIn,DOC-CASE-010,1.0
CASE-2025-0038,DIS-06,diagnosedAs,DOC-CASE-010,1.0
CASE-2025-0038,DOC-CASE-010,evidenceFrom,DOC-CASE-010,1.0
CASE-2025-0038,SYM-12,hasObservedSymptom,DOC-CASE-010,1.0
CASE-2025-0038,SYM-13,hasObservedSymptom,DOC-CASE-010,1.0
CASE-2025-0039,CROP-01,ofCrop,DOC-CASE-010,1.0
CASE-2025-0039,REG-01,observedIn,DOC-CASE-010,1.0
CASE-2025-0039,DIS-08,diagnosedAs,DOC-CASE-010,1.0
CASE-2025-0039,DOC-CASE-010,evidenceFrom,DOC-CASE-010,1.0
CASE-2025-0039,SYM-15,hasObservedSymptom,DOC-CASE-010,1.0
CASE-2025-0039,SYM-16,hasObservedSymptom,DOC-CASE-010,1.0
CASE-2025-0040,CROP-01,ofCrop,DOC-CASE-010,1.0
CASE-2025-0040,REG-01,observedIn,DOC-CASE-010,1.0
CASE-2025-0040,DIS-02,diagnosedAs,DOC-CASE-010,1.0
CASE-2025-0040,DOC-CASE-010,evidenceFrom,DOC-CASE-010,1.0
CASE-2025-0040,SYM-05,hasObservedSymptom,DOC-CASE-010,1.0
CASE-2025-0040,SYM-03,hasObservedSymptom,DOC-CASE-010,1.0
CASE-2025-0041,CROP-01,ofCrop,DOC-CASE-011,1.0
CASE-2025-0041,REG-01,observedIn,DOC-CASE-011,1.0
CASE-2025-0041,DIS-06,diagnosedAs,DOC-CASE-011,1.0
CASE-2025-0041,DOC-CASE-011,evidenceFrom,DOC-CASE-011,1.0
CASE-2025-0041,SYM-12,hasObservedSymptom,DOC-CASE-011,1.0
CASE-2025-0041,SYM-13,hasObservedSymptom,DOC-CASE-011,1.0
CASE-2025-0041,SYM-03,hasObservedSymptom,DOC-CASE-011,1.0
CASE-2025-0042,CROP-01,ofCrop,DOC-CASE-011,1.0
CASE-2025-0042,REG-02,observedIn,DOC-CASE-011,1.0
CASE-2025-0042,DIS-02,diagnosedAs,DOC-CASE-011,1.0
CASE-2025-0042,DOC-CASE-011,evidenceFrom,DOC-CASE-011,1.0
CASE-2025-0042,SYM-05,hasObservedSymptom,DOC-CASE-011,1.0
CASE-2025-0042,SYM-03,hasObservedSymptom,DOC-CASE-011,1.0
CASE-2025-0043,CROP-01,ofCrop,DOC-CASE-011,1.0
CASE-2025-0043,REG-03,observedIn,DOC-CASE-011,1.0
CASE-2025-0043,DIS-06,diagnosedAs,DOC-CASE-011,1.0
CASE-2025-0043,DOC-CASE-011,evidenceFrom,DOC-CASE-011,1.0
CASE-2025-0043,SYM-12,hasObservedSymptom,DOC-CASE-011,1.0
CASE-2025-0043,SYM-13,hasObservedSymptom,DOC-CASE-011,1.0
CASE-2025-0044,CROP-01,ofCrop,DOC-CASE-011,1.0
CASE-2025-0044,REG-04,observedIn,DOC-CASE-011,1.0
CASE-2025-0044,DIS-02,diagnosedAs,DOC-CASE-011,1.0
CASE-2025-0044,DOC-CASE-011,evidenceFrom,DOC-CASE-011,1.0
CASE-2025-0044,SYM-05,hasObservedSymptom,DOC-CASE-011,1.0
CASE-2025-0044,SYM-03,hasObservedSymptom,DOC-CASE-011,1.0
CASE-2025-0045,CROP-01,ofCrop,DOC-CASE-012,1.0
CASE-2025-0045,REG-05,observedIn,DOC-CASE-012,1.0
CASE-2025-0045,DIS-06,diagnosedAs,DOC-CASE-012,1.0
CASE-2025-0045,DOC-CASE-012,evidenceFrom,DOC-CASE-012,1.0
CASE-2025-0045,SYM-12,hasObservedSymptom,DOC-CASE-012,1.0
CASE-2025-0045,SYM-13,hasObservedSymptom,DOC-CASE-012,1.0
CASE-2025-0045,SYM-03,hasObservedSymptom,DOC-CASE-012,1.0
CASE-2025-0046,CROP-01,ofCrop,DOC-CASE-012,1.0
CASE-2025-0046,REG-01,observedIn,DOC-CASE-012,1.0
CASE-2025-0046,DIS-06,diagnosedAs,DOC-CASE-012,1.0
CASE-2025-0046,DOC-CASE-012,evidenceFrom,DOC-CASE-012,1.0
CASE-2025-0046,SYM-12,hasObservedSymptom,DOC-CASE-012,1.0
CASE-2025-0046,SYM-13,hasObservedSymptom,DOC-CASE-012,1.0
CASE-2025-0047,CROP-01,ofCrop,DOC-CASE-012,1.0
CASE-2025-0047,REG-02,observedIn,DOC-CASE-012,1.0
CASE-2025-0047,DIS-02,diagnosedAs,DOC-CASE-012,1.0
CASE-2025-0047,DOC-CASE-012,evidenceFrom,DOC-CASE-012,1.0
CASE-2025-0047,SYM-05,hasObservedSymptom,DOC-CASE-012,1.0
CASE-2025-0047,SYM-03,hasObservedSymptom,DOC-CASE-012,1.0
CASE-2025-0048,CROP-01,ofCrop,DOC-CASE-012,1.0
CASE-2025-0048,REG-03,observedIn,DOC-CASE-012,1.0
CASE-2025-0048,DIS-06,diagnosedAs,DOC-CASE-012,1.0
CASE-2025-0048,DOC-CASE-012,evidenceFrom,DOC-CASE-012,1.0
CASE-2025-0048,SYM-12,hasObservedSymptom,DOC-CASE-012,1.0
CASE-2025-0048,SYM-13,hasObservedSymptom,DOC-CASE-012,1.0
CASE-2025-0049,CROP-01,ofCrop,DOC-CASE-013,1.0
CASE-2025-0049,REG-04,observedIn,DOC-CASE-013,1.0
CASE-2025-0049,DIS-02,diagnosedAs,DOC-CASE-013,1.0
CASE-2025-0049,DOC-CASE-013,evidenceFrom,DOC-CASE-013,1.0
CASE-2025-0049,SYM-05,hasObservedSymptom,DOC-CASE-013,1.0
CASE-2025-0049,SYM-03,hasObservedSymptom,DOC-CASE-013,1.0
CASE-2025-0050,CROP-01,ofCrop,DOC-CASE-013,1.0
CASE-2025-0050,REG-05,observedIn,DOC-CASE-013,1.0
CASE-2025-0050,DIS-06,diagnosedAs,DOC-CASE-013,1.0
CASE-2025-0050,DOC-CASE-013,evidenceFrom,DOC-CASE-013,1.0
CASE-2025-0050,SYM-12,hasObservedSymptom,DOC-CASE-013,1.0
CASE-2025-0050,SYM-13,hasObservedSymptom,DOC-CASE-013,1.0
CASE-2025-0051,CROP-01,ofCrop,DOC-CASE-013,1.0
CASE-2025-0051,REG-01,observedIn,DOC-CASE-013,1.0
CASE-2025-0051,DIS-07,diagnosedAs,DOC-CASE-013,1.0
CASE-2025-0051,DOC-CASE-013,evidenceFrom,DOC-CASE-013,1.0
CASE-2025-0051,SYM-01,hasObservedSymptom,DOC-CASE-013,1.0
CASE-2025-0051,SYM-14,hasObservedSymptom,DOC-CASE-013,1.0
CASE-2025-0052,CROP-01,ofCrop,DOC-CASE-013,1.0
CASE-2025-0052,REG-02,observedIn,DOC-CASE-013,1.0
CASE-2025-0052,DIS-02,diagnosedAs,DOC-CASE-013,1.0
CASE-2025-0052,DOC-CASE-013,evidenceFrom,DOC-CASE-013,1.0
CASE-2025-0052,SYM-05,hasObservedSymptom,DOC-CASE-013,1.0
CASE-2025-0052,SYM-03,hasObservedSymptom,DOC-CASE-013,1.0
CASE-2025-0053,CROP-01,ofCrop,DOC-CASE-014,1.0
CASE-2025-0053,REG-03,observedIn,DOC-CASE-014,1.0
CASE-2025-0053,DIS-06,diagnosedAs,DOC-CASE-014,1.0
CASE-2025-0053,DOC-CASE-014,evidenceFrom,DOC-CASE-014,1.0
CASE-2025-0053,SYM-12,hasObservedSymptom,DOC-CASE-014,1.0
CASE-2025-0053,SYM-13,hasObservedSymptom,DOC-CASE-014,1.0
CASE-2025-0053,SYM-03,hasObservedSymptom,DOC-CASE-014,1.0
CASE-2025-0054,CROP-01,ofCrop,DOC-CASE-014,1.0
CASE-2025-0054,REG-04,observedIn,DOC-CASE-014,1.0
CASE-2025-0054,DIS-02,diagnosedAs,DOC-CASE-014,1.0
CASE-2025-0054,DOC-CASE-014,evidenceFrom,DOC-CASE-014,1.0
CASE-2025-0054,SYM-05,hasObservedSymptom,DOC-CASE-014,1.0
CASE-2025-0054,SYM-03,hasObservedSymptom,DOC-CASE-014,1.0
CASE-2025-0055,CROP-01,ofCrop,DOC-CASE-014,1.0
CASE-2025-0055,REG-05,observedIn,DOC-CASE-014,1.0
CASE-2025-0055,DIS-06,diagnosedAs,DOC-CASE-014,1.0
CASE-2025-0055,DOC-CASE-014,evidenceFrom,DOC-CASE-014,1.0
CASE-2025-0055,SYM-12,hasObservedSymptom,DOC-CASE-014,1.0
CASE-2025-0055,SYM-13,hasObservedSymptom,DOC-CASE-014,1.0
CASE-2025-0056,CROP-01,ofCrop,DOC-CASE-014,1.0
CASE-2025-0056,REG-01,observedIn,DOC-CASE-014,1.0
CASE-2025-0056,DIS-07,diagnosedAs,DOC-CASE-014,1.0
CASE-2025-0056,DOC-CASE-014,evidenceFrom,DOC-CASE-014,1.0
CASE-2025-0056,SYM-01,hasObservedSymptom,DOC-CASE-014,1.0
CASE-2025-0056,SYM-14,hasObservedSymptom,DOC-CASE-014,1.0
CASE-2025-0057,CROP-01,ofCrop,DOC-CASE-015,1.0
CASE-2025-0057,REG-02,observedIn,DOC-CASE-015,1.0
CASE-2025-0057,DIS-02,diagnosedAs,DOC-CASE-015,1.0
CASE-2025-0057,DOC-CASE-015,evidenceFrom,DOC-CASE-015,1.0
CASE-2025-0057,SYM-05,hasObservedSymptom,DOC-CASE-015,1.0
CASE-2025-0057,SYM-03,hasObservedSymptom,DOC-CASE-015,1.0
CASE-2025-0058,CROP-01,ofCrop,DOC-CASE-015,1.0
CASE-2025-0058,REG-03,observedIn,DOC-CASE-015,1.0
CASE-2025-0058,DIS-06,diagnosedAs,DOC-CASE-015,1.0
CASE-2025-0058,DOC-CASE-015,evidenceFrom,DOC-CASE-015,1.0
CASE-2025-0058,SYM-12,hasObservedSymptom,DOC-CASE-015,1.0
CASE-2025-0058,SYM-13,hasObservedSymptom,DOC-CASE-015,1.0
CASE-2025-0059,CROP-01,ofCrop,DOC-CASE-015,1.0
CASE-2025-0059,REG-04,observedIn,DOC-CASE-015,1.0
CASE-2025-0059,DIS-02,diagnosedAs,DOC-CASE-015,1.0
CASE-2025-0059,DOC-CASE-015,evidenceFrom,DOC-CASE-015,1.0
CASE-2025-0059,SYM-05,hasObservedSymptom,DOC-CASE-015,1.0
CASE-2025-0059,SYM-03,hasObservedSymptom,DOC-CASE-015,1.0
CASE-2025-0060,CROP-01,ofCrop,DOC-CASE-015,1.0
CASE-2025-0060,REG-05,observedIn,DOC-CASE-015,1.0
CASE-2025-0060,DIS-06,diagnosedAs,DOC-CASE-015,1.0
CASE-2025-0060,DOC-CASE-015,evidenceFrom,DOC-CASE-015,1.0
CASE-2025-0060,SYM-12,hasObservedSymptom,DOC-CASE-015,1.0
CASE-2025-0060,SYM-13,hasObservedSymptom,DOC-CASE-015,1.0
CASE-2025-0061,CROP-01,ofCrop,DOC-CASE-016,1.0
CASE-2025-0061,REG-01,observedIn,DOC-CASE-016,1.0
CASE-2025-0061,DIS-02,diagnosedAs,DOC-CASE-016,1.0
CASE-2025-0061,DOC-CASE-016,evidenceFrom,DOC-CASE-016,1.0
CASE-2025-0061,SYM-05,hasObservedSymptom,DOC-CASE-016,1.0
CASE-2025-0061,SYM-03,hasObservedSymptom,DOC-CASE-016,1.0
CASE-2025-0062,CROP-01,ofCrop,DOC-CASE-016,1.0
CASE-2025-0062,REG-02,observedIn,DOC-CASE-016,1.0
CASE-2025-0062,DIS-02,diagnosedAs,DOC-CASE-016,1.0
CASE-2025-0062,DOC-CASE-016,evidenceFrom,DOC-CASE-016,1.0
CASE-2025-0062,SYM-05,hasObservedSymptom,DOC-CASE-016,1.0
CASE-2025-0062,SYM-03,hasObservedSymptom,DOC-CASE-016,1.0
CASE-2025-0063,CROP-01,ofCrop,DOC-CASE-016,1.0
CASE-2025-0063,REG-03,observedIn,DOC-CASE-016,1.0
CASE-2025-0063,DIS-06,diagnosedAs,DOC-CASE-016,1.0
CASE-2025-0063,DOC-CASE-016,evidenceFrom,DOC-CASE-016,1.0
CASE-2025-0063,SYM-12,hasObservedSymptom,DOC-CASE-016,1.0
CASE-2025-0063,SYM-13,hasObservedSymptom,DOC-CASE-016,1.0
CASE-2025-0064,CROP-01,ofCrop,DOC-CASE-016,1.0
CASE-2025-0064,REG-04,observedIn,DOC-CASE-016,1.0
CASE-2025-0064,DIS-02,diagnosedAs,DOC-CASE-016,1.0
CASE-2025-0064,DOC-CASE-016,evidenceFrom,DOC-CASE-016,1.0
CASE-2025-0064,SYM-05,hasObservedSymptom,DOC-CASE-016,1.0
CASE-2025-0064,SYM-03,hasObservedSymptom,DOC-CASE-016,1.0
CASE-2025-0065,CROP-01,ofCrop,DOC-CASE-017,1.0
CASE-2025-0065,REG-05,observedIn,DOC-CASE-017,1.0
CASE-2025-0065,DIS-06,diagnosedAs,DOC-CASE-017,1.0
CASE-2025-0065,DOC-CASE-017,evidenceFrom,DOC-CASE-017,1.0
CASE-2025-0065,SYM-12,hasObservedSymptom,DOC-CASE-017,1.0
CASE-2025-0065,SYM-13,hasObservedSymptom,DOC-CASE-017,1.0
CASE-2025-0065,SYM-03,hasObservedSymptom,DOC-CASE-017,1.0
CASE-2025-0066,CROP-01,ofCrop,DOC-CASE-017,1.0
CASE-2025-0066,REG-01,observedIn,DOC-CASE-017,1.0
CASE-2025-0066,DIS-02,diagnosedAs,DOC-CASE-017,1.0
CASE-2025-0066,DOC-CASE-017,evidenceFrom,DOC-CASE-017,1.0
CASE-2025-0066,SYM-05,hasObservedSymptom,DOC-CASE-017,1.0
CASE-2025-0066,SYM-03,hasObservedSymptom,DOC-CASE-017,1.0
CASE-2025-0067,CROP-01,ofCrop,DOC-CASE-017,1.0
CASE-2025-0067,REG-02,observedIn,DOC-CASE-017,1.0
CASE-2025-0067,DIS-05,diagnosedAs,DOC-CASE-017,1.0
CASE-2025-0067,DOC-CASE-017,evidenceFrom,DOC-CASE-017,1.0
CASE-2025-0067,SYM-10,hasObservedSymptom,DOC-CASE-017,1.0
CASE-2025-0067,SYM-11,hasObservedSymptom,DOC-CASE-017,1.0
CASE-2025-0068,CROP-01,ofCrop,DOC-CASE-017,1.0
CASE-2025-0068,REG-03,observedIn,DOC-CASE-017,1.0
CASE-2025-0068,DIS-01,diagnosedAs,DOC-CASE-017,1.0
CASE-2025-0068,DOC-CASE-017,evidenceFrom,DOC-CASE-017,1.0
CASE-2025-0068,SYM-01,hasObservedSymptom,DOC-CASE-017,1.0
CASE-2025-0068,SYM-02,hasObservedSymptom,DOC-CASE-017,1.0
CASE-2025-0069,CROP-01,ofCrop,DOC-CASE-018,1.0
CASE-2025-0069,REG-04,observedIn,DOC-CASE-018,1.0
CASE-2025-0069,DIS-05,diagnosedAs,DOC-CASE-018,1.0
CASE-2025-0069,DOC-CASE-018,evidenceFrom,DOC-CASE-018,1.0
CASE-2025-0069,SYM-10,hasObservedSymptom,DOC-CASE-018,1.0
CASE-2025-0069,SYM-11,hasObservedSymptom,DOC-CASE-018,1.0
CASE-2025-0069,SYM-03,hasObservedSymptom,DOC-CASE-018,1.0
CASE-2025-0070,CROP-01,ofCrop,DOC-CASE-018,1.0
CASE-2025-0070,REG-05,observedIn,DOC-CASE-018,1.0
CASE-2025-0070,DIS-01,diagnosedAs,DOC-CASE-018,1.0
CASE-2025-0070,DOC-CASE-018,evidenceFrom,DOC-CASE-018,1.0
CASE-2025-0070,SYM-01,hasObservedSymptom,DOC-CASE-018,1.0
CASE-2025-0070,SYM-02,hasObservedSymptom,DOC-CASE-018,1.0
CASE-2025-0071,CROP-01,ofCrop,DOC-CASE-018,1.0
CASE-2025-0071,REG-01,observedIn,DOC-CASE-018,1.0
CASE-2025-0071,DIS-03,diagnosedAs,DOC-CASE-018,1.0
CASE-2025-0071,DOC-CASE-018,evidenceFrom,DOC-CASE-018,1.0
CASE-2025-0071,SYM-06,hasObservedSymptom,DOC-CASE-018,1.0
CASE-2025-0071,SYM-07,hasObservedSymptom,DOC-CASE-018,1.0
CASE-2025-0072,CROP-01,ofCrop,DOC-CASE-018,1.0
CASE-2025-0072,REG-02,observedIn,DOC-CASE-018,1.0
CASE-2025-0072,DIS-05,diagnosedAs,DOC-CASE-018,1.0
CASE-2025-0072,DOC-CASE-018,evidenceFrom,DOC-CASE-018,1.0
CASE-2025-0072,SYM-10,hasObservedSymptom,DOC-CASE-018,1.0
CASE-2025-0072,SYM-11,hasObservedSymptom,DOC-CASE-018,1.0
CASE-2025-0073,CROP-01,ofCrop,DOC-CASE-019,1.0
CASE-2025-0073,REG-03,observedIn,DOC-CASE-019,1.0
CASE-2025-0073,DIS-01,diagnosedAs,DOC-CASE-019,1.0
CASE-2025-0073,DOC-CASE-019,evidenceFrom,DOC-CASE-019,1.0
CASE-2025-0073,SYM-01,hasObservedSymptom,DOC-CASE-019,1.0
CASE-2025-0073,SYM-02,hasObservedSymptom,DOC-CASE-019,1.0
CASE-2025-0073,SYM-03,hasObservedSymptom,DOC-CASE-019,1.0
CASE-2025-0074,CROP-01,ofCrop,DOC-CASE-019,1.0
CASE-2025-0074,REG-04,observedIn,DOC-CASE-019,1.0
CASE-2025-0074,DIS-05,diagnosedAs,DOC-CASE-019,1.0
CASE-2025-0074,DOC-CASE-019,evidenceFrom,DOC-CASE-019,1.0
CASE-2025-0074,SYM-10,hasObservedSymptom,DOC-CASE-019,1.0
CASE-2025-0074,SYM-11,hasObservedSymptom,DOC-CASE-019,1.0
CASE-2025-0075,CROP-01,ofCrop,DOC-CASE-019,1.0
CASE-2025-0075,REG-05,observedIn,DOC-CASE-019,1.0
CASE-2025-0075,DIS-01,diagnosedAs,DOC-CASE-019,1.0
CASE-2025-0075,DOC-CASE-019,evidenceFrom,DOC-CASE-019,1.0
CASE-2025-0075,SYM-01,hasObservedSymptom,DOC-CASE-019,1.0
CASE-2025-0075,SYM-02,hasObservedSymptom,DOC-CASE-019,1.0
CASE-2025-0076,CROP-01,ofCrop,DOC-CASE-019,1.0
CASE-2025-0076,REG-01,observedIn,DOC-CASE-019,1.0
CASE-2025-0076,DIS-03,diagnosedAs,DOC-CASE-019,1.0
CASE-2025-0076,DOC-CASE-019,evidenceFrom,DOC-CASE-019,1.0
CASE-2025-0076,SYM-06,hasObservedSymptom,DOC-CASE-019,1.0
CASE-2025-0076,SYM-07,hasObservedSymptom,DOC-CASE-019,1.0
CASE-2025-0077,CROP-01,ofCrop,DOC-CASE-020,1.0
CASE-2025-0077,REG-02,observedIn,DOC-CASE-020,1.0
CASE-2025-0077,DIS-05,diagnosedAs,DOC-CASE-020,1.0
CASE-2025-0077,DOC-CASE-020,evidenceFrom,DOC-CASE-020,1.0
CASE-2025-0077,SYM-10,hasObservedSymptom,DOC-CASE-020,1.0
CASE-2025-0077,SYM-11,hasObservedSymptom,DOC-CASE-020,1.0
CASE-2025-0077,SYM-03,hasObservedSymptom,DOC-CASE-020,1.0
CASE-2025-0078,CROP-01,ofCrop,DOC-CASE-020,1.0
CASE-2025-0078,REG-03,observedIn,DOC-CASE-020,1.0
CASE-2025-0078,DIS-01,diagnosedAs,DOC-CASE-020,1.0
CASE-2025-0078,DOC-CASE-020,evidenceFrom,DOC-CASE-020,1.0
CASE-2025-0078,SYM-01,hasObservedSymptom,DOC-CASE-020,1.0
CASE-2025-0078,SYM-02,hasObservedSymptom,DOC-CASE-020,1.0
CASE-2025-0079,CROP-01,ofCrop,DOC-CASE-020,1.0
CASE-2025-0079,REG-04,observedIn,DOC-CASE-020,1.0
CASE-2025-0079,DIS-05,diagnosedAs,DOC-CASE-020,1.0
CASE-2025-0079,DOC-CASE-020,evidenceFrom,DOC-CASE-020,1.0
CASE-2025-0079,SYM-10,hasObservedSymptom,DOC-CASE-020,1.0
CASE-2025-0079,SYM-11,hasObservedSymptom,DOC-CASE-020,1.0
CASE-2025-0080,CROP-01,ofCrop,DOC-CASE-020,1.0
CASE-2025-0080,REG-05,observedIn,DOC-CASE-020,1.0
CASE-2025-0080,DIS-01,diagnosedAs,DOC-CASE-020,1.0
CASE-2025-0080,DOC-CASE-020,evidenceFrom,DOC-CASE-020,1.0
CASE-2025-0080,SYM-01,hasObservedSymptom,DOC-CASE-020,1.0
CASE-2025-0080,SYM-02,hasObservedSymptom,DOC-CASE-020,1.0
CASE-2025-0081,CROP-01,ofCrop,DOC-CASE-021,1.0
CASE-2025-0081,REG-01,observedIn,DOC-CASE-021,1.0
CASE-2025-0081,DIS-06,diagnosedAs,DOC-CASE-021,1.0
CASE-2025-0081,DOC-CASE-021,evidenceFrom,DOC-CASE-021,1.0
CASE-2025-0081,SYM-12,hasObservedSymptom,DOC-CASE-021,1.0
CASE-2025-0081,SYM-13,hasObservedSymptom,DOC-CASE-021,1.0
CASE-2025-0081,SYM-03,hasObservedSymptom,DOC-CASE-021,1.0
CASE-2025-0082,CROP-01,ofCrop,DOC-CASE-021,1.0
CASE-2025-0082,REG-02,observedIn,DOC-CASE-021,1.0
CASE-2025-0082,DIS-05,diagnosedAs,DOC-CASE-021,1.0
CASE-2025-0082,DOC-CASE-021,evidenceFrom,DOC-CASE-021,1.0
CASE-2025-0082,SYM-10,hasObservedSymptom,DOC-CASE-021,1.0
CASE-2025-0082,SYM-11,hasObservedSymptom,DOC-CASE-021,1.0
CASE-2025-0083,CROP-01,ofCrop,DOC-CASE-021,1.0
CASE-2025-0083,REG-03,observedIn,DOC-CASE-021,1.0
CASE-2025-0083,DIS-01,diagnosedAs,DOC-CASE-021,1.0
CASE-2025-0083,DOC-CASE-021,evidenceFrom,DOC-CASE-021,1.0
CASE-2025-0083,SYM-01,hasObservedSymptom,DOC-CASE-021,1.0
CASE-2025-0083,SYM-02,hasObservedSymptom,DOC-CASE-021,1.0
CASE-2025-0084,CROP-01,ofCrop,DOC-CASE-021,1.0
CASE-2025-0084,REG-04,observedIn,DOC-CASE-021,1.0
CASE-2025-0084,DIS-05,diagnosedAs,DOC-CASE-021,1.0
CASE-2025-0084,DOC-CASE-021,evidenceFrom,DOC-CASE-021,1.0
CASE-2025-0084,SYM-10,hasObservedSymptom,DOC-CASE-021,1.0
CASE-2025-0084,SYM-11,hasObservedSymptom,DOC-CASE-021,1.0
CASE-2025-0085,CROP-01,ofCrop,DOC-CASE-022,1.0
CASE-2025-0085,REG-05,observedIn,DOC-CASE-022,1.0
CASE-2025-0085,DIS-01,diagnosedAs,DOC-CASE-022,1.0
CASE-2025-0085,DOC-CASE-022,evidenceFrom,DOC-CASE-022,1.0
CASE-2025-0085,SYM-01,hasObservedSymptom,DOC-CASE-022,1.0
CASE-2025-0085,SYM-02,hasObservedSymptom,DOC-CASE-022,1.0
CASE-2025-0085,SYM-03,hasObservedSymptom,DOC-CASE-022,1.0
CASE-2025-0086,CROP-01,ofCrop,DOC-CASE-022,1.0
CASE-2025-0086,REG-01,observedIn,DOC-CASE-022,1.0
CASE-2025-0086,DIS-06,diagnosedAs,DOC-CASE-022,1.0
CASE-2025-0086,DOC-CASE-022,evidenceFrom,DOC-CASE-022,1.0
CASE-2025-0086,SYM-12,hasObservedSymptom,DOC-CASE-022,1.0
CASE-2025-0086,SYM-13,hasObservedSymptom,DOC-CASE-022,1.0
CASE-2025-0087,CROP-01,ofCrop,DOC-CASE-022,1.0
CASE-2025-0087,REG-02,observedIn,DOC-CASE-022,1.0
CASE-2025-0087,DIS-05,diagnosedAs,DOC-CASE-022,1.0
CASE-2025-0087,DOC-CASE-022,evidenceFrom,DOC-CASE-022,1.0
CASE-2025-0087,SYM-10,hasObservedSymptom,DOC-CASE-022,1.0
CASE-2025-0087,SYM-11,hasObservedSymptom,DOC-CASE-022,1.0
CASE-2025-0088,CROP-01,ofCrop,DOC-CASE-022,1.0
CASE-2025-0088,REG-03,observedIn,DOC-CASE-022,1.0
CASE-2025-0088,DIS-01,diagnosedAs,DOC-CASE-022,1.0
CASE-2025-0088,DOC-CASE-022,evidenceFrom,DOC-CASE-022,1.0
CASE-2025-0088,SYM-01,hasObservedSymptom,DOC-CASE-022,1.0
CASE-2025-0088,SYM-02,hasObservedSymptom,DOC-CASE-022,1.0
CASE-2025-0089,CROP-01,ofCrop,DOC-CASE-023,1.0
CASE-2025-0089,REG-04,observedIn,DOC-CASE-023,1.0
CASE-2025-0089,DIS-05,diagnosedAs,DOC-CASE-023,1.0
CASE-2025-0089,DOC-CASE-023,evidenceFrom,DOC-CASE-023,1.0
CASE-2025-0089,SYM-10,hasObservedSymptom,DOC-CASE-023,1.0
CASE-2025-0089,SYM-11,hasObservedSymptom,DOC-CASE-023,1.0
CASE-2025-0089,SYM-03,hasObservedSymptom,DOC-CASE-023,1.0
CASE-2025-0090,CROP-01,ofCrop,DOC-CASE-023,1.0
CASE-2025-0090,REG-05,observedIn,DOC-CASE-023,1.0
CASE-2025-0090,DIS-01,diagnosedAs,DOC-CASE-023,1.0
CASE-2025-0090,DOC-CASE-023,evidenceFrom,DOC-CASE-023,1.0
CASE-2025-0090,SYM-01,hasObservedSymptom,DOC-CASE-023,1.0
CASE-2025-0090,SYM-02,hasObservedSymptom,DOC-CASE-023,1.0
CASE-2025-0091,CROP-01,ofCrop,DOC-CASE-023,1.0
CASE-2025-0091,REG-01,observedIn,DOC-CASE-023,1.0
CASE-2025-0091,DIS-07,diagnosedAs,DOC-CASE-023,1.0
CASE-2025-0091,DOC-CASE-023,evidenceFrom,DOC-CASE-023,1.0
CASE-2025-0091,SYM-01,hasObservedSymptom,DOC-CASE-023,1.0
CASE-2025-0091,SYM-14,hasObservedSymptom,DOC-CASE-023,1.0
CASE-2025-0092,CROP-01,ofCrop,DOC-CASE-023,1.0
CASE-2025-0092,REG-02,observedIn,DOC-CASE-023,1.0
CASE-2025-0092,DIS-08,diagnosedAs,DOC-CASE-023,1.0
CASE-2025-0092,DOC-CASE-023,evidenceFrom,DOC-CASE-023,1.0
CASE-2025-0092,SYM-15,hasObservedSymptom,DOC-CASE-023,1.0
CASE-2025-0092,SYM-16,hasObservedSymptom,DOC-CASE-023,1.0
CASE-2025-0093,CROP-01,ofCrop,DOC-CASE-024,1.0
CASE-2025-0093,REG-03,observedIn,DOC-CASE-024,1.0
CASE-2025-0093,DIS-04,diagnosedAs,DOC-CASE-024,1.0
CASE-2025-0093,DOC-CASE-024,evidenceFrom,DOC-CASE-024,1.0
CASE-2025-0093,SYM-08,hasObservedSymptom,DOC-CASE-024,1.0
CASE-2025-0093,SYM-09,hasObservedSymptom,DOC-CASE-024,1.0
CASE-2025-0093,SYM-03,hasObservedSymptom,DOC-CASE-024,1.0
CASE-2025-0094,CROP-01,ofCrop,DOC-CASE-024,1.0
CASE-2025-0094,REG-04,observedIn,DOC-CASE-024,1.0
CASE-2025-0094,DIS-08,diagnosedAs,DOC-CASE-024,1.0
CASE-2025-0094,DOC-CASE-024,evidenceFrom,DOC-CASE-024,1.0
CASE-2025-0094,SYM-15,hasObservedSymptom,DOC-CASE-024,1.0
CASE-2025-0094,SYM-16,hasObservedSymptom,DOC-CASE-024,1.0
CASE-2025-0095,CROP-01,ofCrop,DOC-CASE-024,1.0
CASE-2025-0095,REG-05,observedIn,DOC-CASE-024,1.0
CASE-2025-0095,DIS-04,diagnosedAs,DOC-CASE-024,1.0
CASE-2025-0095,DOC-CASE-024,evidenceFrom,DOC-CASE-024,1.0
CASE-2025-0095,SYM-08,hasObservedSymptom,DOC-CASE-024,1.0
CASE-2025-0095,SYM-09,hasObservedSymptom,DOC-CASE-024,1.0
CASE-2025-0096,CROP-01,ofCrop,DOC-CASE-024,1.0
CASE-2025-0096,REG-01,observedIn,DOC-CASE-024,1.0
CASE-2025-0096,DIS-07,diagnosedAs,DOC-CASE-024,1.0
CASE-2025-0096,DOC-CASE-024,evidenceFrom,DOC-CASE-024,1.0
CASE-2025-0096,SYM-01,hasObservedSymptom,DOC-CASE-024,1.0
CASE-2025-0096,SYM-14,hasObservedSymptom,DOC-CASE-024,1.0
CASE-2025-0097,CROP-01,ofCrop,DOC-CASE-025,1.0
CASE-2025-0097,REG-02,observedIn,DOC-CASE-025,1.0
CASE-2025-0097,DIS-08,diagnosedAs,DOC-CASE-025,1.0
CASE-2025-0097,DOC-CASE-025,evidenceFrom,DOC-CASE-025,1.0
CASE-2025-0097,SYM-15,hasObservedSymptom,DOC-CASE-025,1.0
CASE-2025-0097,SYM-16,hasObservedSymptom,DOC-CASE-025,1.0
CASE-2025-0098,CROP-01,ofCrop,DOC-CASE-025,1.0
CASE-2025-0098,REG-03,observedIn,DOC-CASE-025,1.0
CASE-2025-0098,DIS-04,diagnosedAs,DOC-CASE-025,1.0
CASE-2025-0098,DOC-CASE-025,evidenceFrom,DOC-CASE-025,1.0
CASE-2025-0098,SYM-08,hasObservedSymptom,DOC-CASE-025,1.0
CASE-2025-0098,SYM-09,hasObservedSymptom,DOC-CASE-025,1.0
CASE-2025-0099,CROP-01,ofCrop,DOC-CASE-025,1.0
CASE-2025-0099,REG-04,observedIn,DOC-CASE-025,1.0
CASE-2025-0099,DIS-08,diagnosedAs,DOC-CASE-025,1.0
CASE-2025-0099,DOC-CASE-025,evidenceFrom,DOC-CASE-025,1.0
CASE-2025-0099,SYM-15,hasObservedSymptom,DOC-CASE-025,1.0
CASE-2025-0099,SYM-16,hasObservedSymptom,DOC-CASE-025,1.0
CASE-2025-0100,CROP-01,ofCrop,DOC-CASE-025,1.0
CASE-2025-0100,REG-05,observedIn,DOC-CASE-025,1.0
CASE-2025-0100,DIS-04,diagnosedAs,DOC-CASE-025,1.0
CASE-2025-0100,DOC-CASE-025,evidenceFrom,DOC-CASE-025,1.0
CASE-2025-0100,SYM-08,hasObservedSymptom,DOC-CASE-025,1.0
CASE-2025-0100,SYM-09,hasObservedSymptom,DOC-CASE-025,1.0
CASE-2025-0101,CROP-01,ofCrop,DOC-CASE-026,1.0
CASE-2025-0101,REG-01,observedIn,DOC-CASE-026,1.0
CASE-2025-0101,DIS-02,diagnosedAs,DOC-CASE-026,1.0
CASE-2025-0101,DOC-CASE-026,evidenceFrom,DOC-CASE-026,1.0
CASE-2025-0101,SYM-05,hasObservedSymptom,DOC-CASE-026,1.0
CASE-2025-0101,SYM-03,hasObservedSymptom,DOC-CASE-026,1.0
CASE-2025-0102,CROP-01,ofCrop,DOC-CASE-026,1.0
CASE-2025-0102,REG-02,observedIn,DOC-CASE-026,1.0
CASE-2025-0102,DIS-08,diagnosedAs,DOC-CASE-026,1.0
CASE-2025-0102,DOC-CASE-026,evidenceFrom,DOC-CASE-026,1.0
CASE-2025-0102,SYM-15,hasObservedSymptom,DOC-CASE-026,1.0
CASE-2025-0102,SYM-16,hasObservedSymptom,DOC-CASE-026,1.0
CASE-2025-0103,CROP-01,ofCrop,DOC-CASE-026,1.0
CASE-2025-0103,REG-03,observedIn,DOC-CASE-026,1.0
CASE-2025-0103,DIS-04,diagnosedAs,DOC-CASE-026,1.0
CASE-2025-0103,DOC-CASE-026,evidenceFrom,DOC-CASE-026,1.0
CASE-2025-0103,SYM-08,hasObservedSymptom,DOC-CASE-026,1.0
CASE-2025-0103,SYM-09,hasObservedSymptom,DOC-CASE-026,1.0
CASE-2025-0104,CROP-01,ofCrop,DOC-CASE-026,1.0
CASE-2025-0104,REG-04,observedIn,DOC-CASE-026,1.0
CASE-2025-0104,DIS-08,diagnosedAs,DOC-CASE-026,1.0
CASE-2025-0104,DOC-CASE-026,evidenceFrom,DOC-CASE-026,1.0
CASE-2025-0104,SYM-15,hasObservedSymptom,DOC-CASE-026,1.0
CASE-2025-0104,SYM-16,hasObservedSymptom,DOC-CASE-026,1.0
CASE-2025-0105,CROP-01,ofCrop,DOC-CASE-027,1.0
CASE-2025-0105,REG-05,observedIn,DOC-CASE-027,1.0
CASE-2025-0105,DIS-04,diagnosedAs,DOC-CASE-027,1.0
CASE-2025-0105,DOC-CASE-027,evidenceFrom,DOC-CASE-027,1.0
CASE-2025-0105,SYM-08,hasObservedSymptom,DOC-CASE-027,1.0
CASE-2025-0105,SYM-09,hasObservedSymptom,DOC-CASE-027,1.0
CASE-2025-0105,SYM-03,hasObservedSymptom,DOC-CASE-027,1.0
CASE-2025-0106,CROP-01,ofCrop,DOC-CASE-027,1.0
CASE-2025-0106,REG-01,observedIn,DOC-CASE-027,1.0
CASE-2025-0106,DIS-02,diagnosedAs,DOC-CASE-027,1.0
CASE-2025-0106,DOC-CASE-027,evidenceFrom,DOC-CASE-027,1.0
CASE-2025-0106,SYM-05,hasObservedSymptom,DOC-CASE-027,1.0
CASE-2025-0106,SYM-03,hasObservedSymptom,DOC-CASE-027,1.0
CASE-2025-0107,CROP-01,ofCrop,DOC-CASE-027,1.0
CASE-2025-0107,REG-02,observedIn,DOC-CASE-027,1.0
CASE-2025-0107,DIS-08,diagnosedAs,DOC-CASE-027,1.0
CASE-2025-0107,DOC-CASE-027,evidenceFrom,DOC-CASE-027,1.0
CASE-2025-0107,SYM-15,hasObservedSymptom,DOC-CASE-027,1.0
CASE-2025-0107,SYM-16,hasObservedSymptom,DOC-CASE-027,1.0
CASE-2025-0108,CROP-01,ofCrop,DOC-CASE-027,1.0
CASE-2025-0108,REG-03,observedIn,DOC-CASE-027,1.0
CASE-2025-0108,DIS-04,diagnosedAs,DOC-CASE-027,1.0
CASE-2025-0108,DOC-CASE-027,evidenceFrom,DOC-CASE-027,1.0
CASE-2025-0108,SYM-08,hasObservedSymptom,DOC-CASE-027,1.0
CASE-2025-0108,SYM-09,hasObservedSymptom,DOC-CASE-027,1.0
CASE-2025-0109,CROP-01,ofCrop,DOC-CASE-028,1.0
CASE-2025-0109,REG-04,observedIn,DOC-CASE-028,1.0
CASE-2025-0109,DIS-08,diagnosedAs,DOC-CASE-028,1.0
CASE-2025-0109,DOC-CASE-028,evidenceFrom,DOC-CASE-028,1.0
CASE-2025-0109,SYM-15,hasObservedSymptom,DOC-CASE-028,1.0
CASE-2025-0109,SYM-16,hasObservedSymptom,DOC-CASE-028,1.0
CASE-2025-0110,CROP-01,ofCrop,DOC-CASE-028,1.0
CASE-2025-0110,REG-05,observedIn,DOC-CASE-028,1.0
CASE-2025-0110,DIS-04,diagnosedAs,DOC-CASE-028,1.0
CASE-2025-0110,DOC-CASE-028,evidenceFrom,DOC-CASE-028,1.0
CASE-2025-0110,SYM-08,hasObservedSymptom,DOC-CASE-028,1.0
CASE-2025-0110,SYM-09,hasObservedSymptom,DOC-CASE-028,1.0
CASE-2025-0111,CROP-01,ofCrop,DOC-CASE-028,1.0
CASE-2025-0111,REG-01,observedIn,DOC-CASE-028,1.0
CASE-2025-0111,DIS-03,diagnosedAs,DOC-CASE-028,1.0
CASE-2025-0111,DOC-CASE-028,evidenceFrom,DOC-CASE-028,1.0
CASE-2025-0111,SYM-06,hasObservedSymptom,DOC-CASE-028,1.0
CASE-2025-0111,SYM-07,hasObservedSymptom,DOC-CASE-028,1.0
CASE-2025-0112,CROP-01,ofCrop,DOC-CASE-028,1.0
CASE-2025-0112,REG-02,observedIn,DOC-CASE-028,1.0
CASE-2025-0112,DIS-08,diagnosedAs,DOC-CASE-028,1.0
CASE-2025-0112,DOC-CASE-028,evidenceFrom,DOC-CASE-028,1.0
CASE-2025-0112,SYM-15,hasObservedSymptom,DOC-CASE-028,1.0
CASE-2025-0112,SYM-16,hasObservedSymptom,DOC-CASE-028,1.0
CASE-2025-0113,CROP-01,ofCrop,DOC-CASE-029,1.0
CASE-2025-0113,REG-03,observedIn,DOC-CASE-029,1.0
CASE-2025-0113,DIS-04,diagnosedAs,DOC-CASE-029,1.0
CASE-2025-0113,DOC-CASE-029,evidenceFrom,DOC-CASE-029,1.0
CASE-2025-0113,SYM-08,hasObservedSymptom,DOC-CASE-029,1.0
CASE-2025-0113,SYM-09,hasObservedSymptom,DOC-CASE-029,1.0
CASE-2025-0113,SYM-03,hasObservedSymptom,DOC-CASE-029,1.0
CASE-2025-0114,CROP-01,ofCrop,DOC-CASE-029,1.0
CASE-2025-0114,REG-04,observedIn,DOC-CASE-029,1.0
CASE-2025-0114,DIS-08,diagnosedAs,DOC-CASE-029,1.0
CASE-2025-0114,DOC-CASE-029,evidenceFrom,DOC-CASE-029,1.0
CASE-2025-0114,SYM-15,hasObservedSymptom,DOC-CASE-029,1.0
CASE-2025-0114,SYM-16,hasObservedSymptom,DOC-CASE-029,1.0
CASE-2025-0115,CROP-01,ofCrop,DOC-CASE-029,1.0
CASE-2025-0115,REG-05,observedIn,DOC-CASE-029,1.0
CASE-2025-0115,DIS-04,diagnosedAs,DOC-CASE-029,1.0
CASE-2025-0115,DOC-CASE-029,evidenceFrom,DOC-CASE-029,1.0
CASE-2025-0115,SYM-08,hasObservedSymptom,DOC-CASE-029,1.0
CASE-2025-0115,SYM-09,hasObservedSymptom,DOC-CASE-029,1.0
CASE-2025-0116,CROP-01,ofCrop,DOC-CASE-029,1.0
CASE-2025-0116,REG-01,observedIn,DOC-CASE-029,1.0
CASE-2025-0116,DIS-03,diagnosedAs,DOC-CASE-029,1.0
CASE-2025-0116,DOC-CASE-029,evidenceFrom,DOC-CASE-029,1.0
CASE-2025-0116,SYM-06,hasObservedSymptom,DOC-CASE-029,1.0
CASE-2025-0116,SYM-07,hasObservedSymptom,DOC-CASE-029,1.0
CASE-2025-0117,CROP-01,ofCrop,DOC-CASE-030,1.0
CASE-2025-0117,REG-02,observedIn,DOC-CASE-030,1.0
CASE-2025-0117,DIS-03,diagnosedAs,DOC-CASE-030,1.0
CASE-2025-0117,DOC-CASE-030,evidenceFrom,DOC-CASE-030,1.0
CASE-2025-0117,SYM-06,hasObservedSymptom,DOC-CASE-030,1.0
CASE-2025-0117,SYM-07,hasObservedSymptom,DOC-CASE-030,1.0
CASE-2025-0117,SYM-03,hasObservedSymptom,DOC-CASE-030,1.0
CASE-2025-0118,CROP-01,ofCrop,DOC-CASE-030,1.0
CASE-2025-0118,REG-03,observedIn,DOC-CASE-030,1.0
CASE-2025-0118,DIS-07,diagnosedAs,DOC-CASE-030,1.0
CASE-2025-0118,DOC-CASE-030,evidenceFrom,DOC-CASE-030,1.0
CASE-2025-0118,SYM-01,hasObservedSymptom,DOC-CASE-030,1.0
CASE-2025-0118,SYM-14,hasObservedSymptom,DOC-CASE-030,1.0
CASE-2025-0119,CROP-01,ofCrop,DOC-CASE-030,1.0
CASE-2025-0119,REG-04,observedIn,DOC-CASE-030,1.0
CASE-2025-0119,DIS-03,diagnosedAs,DOC-CASE-030,1.0
CASE-2025-0119,DOC-CASE-030,evidenceFrom,DOC-CASE-030,1.0
CASE-2025-0119,SYM-06,hasObservedSymptom,DOC-CASE-030,1.0
CASE-2025-0119,SYM-07,hasObservedSymptom,DOC-CASE-030,1.0
CASE-2025-0120,CROP-01,ofCrop,DOC-CASE-030,1.0
CASE-2025-0120,REG-05,observedIn,DOC-CASE-030,1.0
CASE-2025-0120,DIS-07,diagnosedAs,DOC-CASE-030,1.0
CASE-2025-0120,DOC-CASE-030,evidenceFrom,DOC-CASE-030,1.0
CASE-2025-0120,SYM-01,hasObservedSymptom,DOC-CASE-030,1.0
CASE-2025-0120,SYM-14,hasObservedSymptom,DOC-CASE-030,1.0
CASE-2025-0121,CROP-01,ofCrop,DOC-CASE-031,1.0
CASE-2025-0121,REG-01,observedIn,DOC-CASE-031,1.0
CASE-2025-0121,DIS-06,diagnosedAs,DOC-CASE-031,1.0
CASE-2025-0121,DOC-CASE-031,evidenceFrom,DOC-CASE-031,1.0
CASE-2025-0121,SYM-12,hasObservedSymptom,DOC-CASE-031,1.0
CASE-2025-0121,SYM-13,hasObservedSymptom,DOC-CASE-031,1.0
CASE-2025-0121,SYM-03,hasObservedSymptom,DOC-CASE-031,1.0
CASE-2025-0122,CROP-01,ofCrop,DOC-CASE-031,1.0
CASE-2025-0122,REG-02,observedIn,DOC-CASE-031,1.0
CASE-2025-0122,DIS-03,diagnosedAs,DOC-CASE-031,1.0
CASE-2025-0122,DOC-CASE-031,evidenceFrom,DOC-CASE-031,1.0
CASE-2025-0122,SYM-06,hasObservedSymptom,DOC-CASE-031,1.0
CASE-2025-0122,SYM-07,hasObservedSymptom,DOC-CASE-031,1.0
CASE-2025-0123,CROP-01,ofCrop,DOC-CASE-031,1.0
CASE-2025-0123,REG-03,observedIn,DOC-CASE-031,1.0
CASE-2025-0123,DIS-07,diagnosedAs,DOC-CASE-031,1.0
CASE-2025-0123,DOC-CASE-031,evidenceFrom,DOC-CASE-031,1.0
CASE-2025-0123,SYM-01,hasObservedSymptom,DOC-CASE-031,1.0
CASE-2025-0123,SYM-14,hasObservedSymptom,DOC-CASE-031,1.0
CASE-2025-0124,CROP-01,ofCrop,DOC-CASE-031,1.0
CASE-2025-0124,REG-04,observedIn,DOC-CASE-031,1.0
CASE-2025-0124,DIS-03,diagnosedAs,DOC-CASE-031,1.0
CASE-2025-0124,DOC-CASE-031,evidenceFrom,DOC-CASE-031,1.0
CASE-2025-0124,SYM-06,hasObservedSymptom,DOC-CASE-031,1.0
CASE-2025-0124,SYM-07,hasObservedSymptom,DOC-CASE-031,1.0
CASE-2025-0125,CROP-01,ofCrop,DOC-CASE-032,1.0
CASE-2025-0125,REG-05,observedIn,DOC-CASE-032,1.0
CASE-2025-0125,DIS-07,diagnosedAs,DOC-CASE-032,1.0
CASE-2025-0125,DOC-CASE-032,evidenceFrom,DOC-CASE-032,1.0
CASE-2025-0125,SYM-01,hasObservedSymptom,DOC-CASE-032,1.0
CASE-2025-0125,SYM-14,hasObservedSymptom,DOC-CASE-032,1.0
CASE-2025-0125,SYM-03,hasObservedSymptom,DOC-CASE-032,1.0
CASE-2025-0126,CROP-01,ofCrop,DOC-CASE-032,1.0
CASE-2025-0126,REG-01,observedIn,DOC-CASE-032,1.0
CASE-2025-0126,DIS-06,diagnosedAs,DOC-CASE-032,1.0
CASE-2025-0126,DOC-CASE-032,evidenceFrom,DOC-CASE-032,1.0
CASE-2025-0126,SYM-12,hasObservedSymptom,DOC-CASE-032,1.0
CASE-2025-0126,SYM-13,hasObservedSymptom,DOC-CASE-032,1.0
CASE-2025-0127,CROP-01,ofCrop,DOC-CASE-032,1.0
CASE-2025-0127,REG-02,observedIn,DOC-CASE-032,1.0
CASE-2025-0127,DIS-03,diagnosedAs,DOC-CASE-032,1.0
CASE-2025-0127,DOC-CASE-032,evidenceFrom,DOC-CASE-032,1.0
CASE-2025-0127,SYM-06,hasObservedSymptom,DOC-CASE-032,1.0
CASE-2025-0127,SYM-07,hasObservedSymptom,DOC-CASE-032,1.0
CASE-2025-0128,CROP-01,ofCrop,DOC-CASE-032,1.0
CASE-2025-0128,REG-03,observedIn,DOC-CASE-032,1.0
CASE-2025-0128,DIS-07,diagnosedAs,DOC-CASE-032,1.0
CASE-2025-0128,DOC-CASE-032,evidenceFrom,DOC-CASE-032,1.0
CASE-2025-0128,SYM-01,hasObservedSymptom,DOC-CASE-032,1.0
CASE-2025-0128,SYM-14,hasObservedSymptom,DOC-CASE-032,1.0
CASE-2025-0129,CROP-01,ofCrop,DOC-CASE-033,1.0
CASE-2025-0129,REG-04,observedIn,DOC-CASE-033,1.0
CASE-2025-0129,DIS-03,diagnosedAs,DOC-CASE-033,1.0
CASE-2025-0129,DOC-CASE-033,evidenceFrom,DOC-CASE-033,1.0
CASE-2025-0129,SYM-06,hasObservedSymptom,DOC-CASE-033,1.0
CASE-2025-0129,SYM-07,hasObservedSymptom,DOC-CASE-033,1.0
CASE-2025-0129,SYM-03,hasObservedSymptom,DOC-CASE-033,1.0
CASE-2025-0130,CROP-01,ofCrop,DOC-CASE-033,1.0
CASE-2025-0130,REG-05,observedIn,DOC-CASE-033,1.0
CASE-2025-0130,DIS-07,diagnosedAs,DOC-CASE-033,1.0
CASE-2025-0130,DOC-CASE-033,evidenceFrom,DOC-CASE-033,1.0
CASE-2025-0130,SYM-01,hasObservedSymptom,DOC-CASE-033,1.0
CASE-2025-0130,SYM-14,hasObservedSymptom,DOC-CASE-033,1.0
CASE-2025-0131,CROP-01,ofCrop,DOC-CASE-033,1.0
CASE-2025-0131,REG-01,observedIn,DOC-CASE-033,1.0
CASE-2025-0131,DIS-07,diagnosedAs,DOC-CASE-033,1.0
CASE-2025-0131,DOC-CASE-033,evidenceFrom,DOC-CASE-033,1.0
CASE-2025-0131,SYM-01,hasObservedSymptom,DOC-CASE-033,1.0
CASE-2025-0131,SYM-14,hasObservedSymptom,DOC-CASE-033,1.0
CASE-2025-0132,CROP-01,ofCrop,DOC-CASE-033,1.0
CASE-2025-0132,REG-02,observedIn,DOC-CASE-033,1.0
CASE-2025-0132,DIS-03,diagnosedAs,DOC-CASE-033,1.0
CASE-2025-0132,DOC-CASE-033,evidenceFrom,DOC-CASE-033,1.0
CASE-2025-0132,SYM-06,hasObservedSymptom,DOC-CASE-033,1.0
CASE-2025-0132,SYM-07,hasObservedSymptom,DOC-CASE-033,1.0
CASE-2025-0133,CROP-01,ofCrop,DOC-CASE-034,1.0
CASE-2025-0133,REG-03,observedIn,DOC-CASE-034,1.0
CASE-2025-0133,DIS-07,diagnosedAs,DOC-CASE-034,1.0
CASE-2025-0133,DOC-CASE-034,evidenceFrom,DOC-CASE-034,1.0
CASE-2025-0133,SYM-01,hasObservedSymptom,DOC-CASE-034,1.0
CASE-2025-0133,SYM-14,hasObservedSymptom,DOC-CASE-034,1.0
CASE-2025-0133,SYM-03,hasObservedSymptom,DOC-CASE-034,1.0
CASE-2025-0134,CROP-01,ofCrop,DOC-CASE-034,1.0
CASE-2025-0134,REG-04,observedIn,DOC-CASE-034,1.0
CASE-2025-0134,DIS-03,diagnosedAs,DOC-CASE-034,1.0
CASE-2025-0134,DOC-CASE-034,evidenceFrom,DOC-CASE-034,1.0
CASE-2025-0134,SYM-06,hasObservedSymptom,DOC-CASE-034,1.0
CASE-2025-0134,SYM-07,hasObservedSymptom,DOC-CASE-034,1.0
CASE-2025-0135,CROP-01,ofCrop,DOC-CASE-034,1.0
CASE-2025-0135,REG-05,observedIn,DOC-CASE-034,1.0
CASE-2025-0135,DIS-07,diagnosedAs,DOC-CASE-034,1.0
CASE-2025-0135,DOC-CASE-034,evidenceFrom,DOC-CASE-034,1.0
CASE-2025-0135,SYM-01,hasObservedSymptom,DOC-CASE-034,1.0
CASE-2025-0135,SYM-14,hasObservedSymptom,DOC-CASE-034,1.0
CASE-2025-0136,CROP-01,ofCrop,DOC-CASE-034,1.0
CASE-2025-0136,REG-01,observedIn,DOC-CASE-034,1.0
CASE-2025-0136,DIS-07,diagnosedAs,DOC-CASE-034,1.0
CASE-2025-0136,DOC-CASE-034,evidenceFrom,DOC-CASE-034,1.0
CASE-2025-0136,SYM-01,hasObservedSymptom,DOC-CASE-034,1.0
CASE-2025-0136,SYM-14,hasObservedSymptom,DOC-CASE-034,1.0
CASE-2025-0137,CROP-01,ofCrop,DOC-CASE-035,1.0
CASE-2025-0137,REG-02,observedIn,DOC-CASE-035,1.0
CASE-2025-0137,DIS-03,diagnosedAs,DOC-CASE-035,1.0
CASE-2025-0137,DOC-CASE-035,evidenceFrom,DOC-CASE-035,1.0
CASE-2025-0137,SYM-06,hasObservedSymptom,DOC-CASE-035,1.0
CASE-2025-0137,SYM-07,hasObservedSymptom,DOC-CASE-035,1.0
CASE-2025-0137,SYM-03,hasObservedSymptom,DOC-CASE-035,1.0
CASE-2025-0138,CROP-01,ofCrop,DOC-CASE-035,1.0
CASE-2025-0138,REG-03,observedIn,DOC-CASE-035,1.0
CASE-2025-0138,DIS-07,diagnosedAs,DOC-CASE-035,1.0
CASE-2025-0138,DOC-CASE-035,evidenceFrom,DOC-CASE-035,1.0
CASE-2025-0138,SYM-01,hasObservedSymptom,DOC-CASE-035,1.0
CASE-2025-0138,SYM-14,hasObservedSymptom,DOC-CASE-035,1.0
CASE-2025-0139,CROP-01,ofCrop,DOC-CASE-035,1.0
CASE-2025-0139,REG-04,observedIn,DOC-CASE-035,1.0
CASE-2025-0139,DIS-03,diagnosedAs,DOC-CASE-035,1.0
CASE-2025-0139,DOC-CASE-035,evidenceFrom,DOC-CASE-035,1.0
CASE-2025-0139,SYM-06,hasObservedSymptom,DOC-CASE-035,1.0
CASE-2025-0139,SYM-07,hasObservedSymptom,DOC-CASE-035,1.0
CASE-2025-0140,CROP-01,ofCrop,DOC-CASE-035,1.0
CASE-2025-0140,REG-05,observedIn,DOC-CASE-035,1.0
CASE-2025-0140,DIS-07,diagnosedAs,DOC-CASE-035,1.0
CASE-2025-0140,DOC-CASE-035,evidenceFrom,DOC-CASE-035,1.0
CASE-2025-0140,SYM-01,hasObservedSymptom,DOC-CASE-035,1.0
CASE-2025-0140,SYM-14,hasObservedSymptom,DOC-CASE-035,1.0
CASE-2025-0141,CROP-01,ofCrop,DOC-CASE-036,1.0
CASE-2025-0141,REG-01,observedIn,DOC-CASE-036,1.0
CASE-2025-0141,DIS-02,diagnosedAs,DOC-CASE-036,1.0
CASE-2025-0141,DOC-CASE-036,evidenceFrom,DOC-CASE-036,1.0
CASE-2025-0141,SYM-05,hasObservedSymptom,DOC-CASE-036,1.0
CASE-2025-0141,SYM-03,hasObservedSymptom,DOC-CASE-036,1.0
CASE-2025-0142,CROP-01,ofCrop,DOC-CASE-036,1.0
CASE-2025-0142,REG-02,observedIn,DOC-CASE-036,1.0
CASE-2025-0142,DIS-06,diagnosedAs,DOC-CASE-036,1.0
CASE-2025-0142,DOC-CASE-036,evidenceFrom,DOC-CASE-036,1.0
CASE-2025-0142,SYM-12,hasObservedSymptom,DOC-CASE-036,1.0
CASE-2025-0142,SYM-13,hasObservedSymptom,DOC-CASE-036,1.0
CASE-2025-0143,CROP-01,ofCrop,DOC-CASE-036,1.0
CASE-2025-0143,REG-03,observedIn,DOC-CASE-036,1.0
CASE-2025-0143,DIS-02,diagnosedAs,DOC-CASE-036,1.0
CASE-2025-0143,DOC-CASE-036,evidenceFrom,DOC-CASE-036,1.0
CASE-2025-0143,SYM-05,hasObservedSymptom,DOC-CASE-036,1.0
CASE-2025-0143,SYM-03,hasObservedSymptom,DOC-CASE-036,1.0
CASE-2025-0144,CROP-01,ofCrop,DOC-CASE-036,1.0
CASE-2025-0144,REG-04,observedIn,DOC-CASE-036,1.0
CASE-2025-0144,DIS-06,diagnosedAs,DOC-CASE-036,1.0
CASE-2025-0144,DOC-CASE-036,evidenceFrom,DOC-CASE-036,1.0
CASE-2025-0144,SYM-12,hasObservedSymptom,DOC-CASE-036,1.0
CASE-2025-0144,SYM-13,hasObservedSymptom,DOC-CASE-036,1.0
CASE-2025-0145,CROP-01,ofCrop,DOC-CASE-037,1.0
CASE-2025-0145,REG-05,observedIn,DOC-CASE-037,1.0
CASE-2025-0145,DIS-02,diagnosedAs,DOC-CASE-037,1.0
CASE-2025-0145,DOC-CASE-037,evidenceFrom,DOC-CASE-037,1.0
CASE-2025-0145,SYM-05,hasObservedSymptom,DOC-CASE-037,1.0
CASE-2025-0145,SYM-03,hasObservedSymptom,DOC-CASE-037,1.0
CASE-2025-0146,CROP-01,ofCrop,DOC-CASE-037,1.0
CASE-2025-0146,REG-01,observedIn,DOC-CASE-037,1.0
CASE-2025-0146,DIS-02,diagnosedAs,DOC-CASE-037,1.0
CASE-2025-0146,DOC-CASE-037,evidenceFrom,DOC-CASE-037,1.0
CASE-2025-0146,SYM-05,hasObservedSymptom,DOC-CASE-037,1.0
CASE-2025-0146,SYM-03,hasObservedSymptom,DOC-CASE-037,1.0
CASE-2025-0147,CROP-01,ofCrop,DOC-CASE-037,1.0
CASE-2025-0147,REG-02,observedIn,DOC-CASE-037,1.0
CASE-2025-0147,DIS-06,diagnosedAs,DOC-CASE-037,1.0
CASE-2025-0147,DOC-CASE-037,evidenceFrom,DOC-CASE-037,1.0
CASE-2025-0147,SYM-12,hasObservedSymptom,DOC-CASE-037,1.0
CASE-2025-0147,SYM-13,hasObservedSymptom,DOC-CASE-037,1.0
CASE-2025-0148,CROP-01,ofCrop,DOC-CASE-037,1.0
CASE-2025-0148,REG-03,observedIn,DOC-CASE-037,1.0
CASE-2025-0148,DIS-02,diagnosedAs,DOC-CASE-037,1.0
CASE-2025-0148,DOC-CASE-037,evidenceFrom,DOC-CASE-037,1.0
CASE-2025-0148,SYM-05,hasObservedSymptom,DOC-CASE-037,1.0
CASE-2025-0148,SYM-03,hasObservedSymptom,DOC-CASE-037,1.0
CASE-2025-0149,CROP-01,ofCrop,DOC-CASE-038,1.0
CASE-2025-0149,REG-04,observedIn,DOC-CASE-038,1.0
CASE-2025-0149,DIS-06,diagnosedAs,DOC-CASE-038,1.0
CASE-2025-0149,DOC-CASE-038,evidenceFrom,DOC-CASE-038,1.0
CASE-2025-0149,SYM-12,hasObservedSymptom,DOC-CASE-038,1.0
CASE-2025-0149,SYM-13,hasObservedSymptom,DOC-CASE-038,1.0
CASE-2025-0149,SYM-03,hasObservedSymptom,DOC-CASE-038,1.0
CASE-2025-0150,CROP-01,ofCrop,DOC-CASE-038,1.0
CASE-2025-0150,REG-05,observedIn,DOC-CASE-038,1.0
CASE-2025-0150,DIS-02,diagnosedAs,DOC-CASE-038,1.0
CASE-2025-0150,DOC-CASE-038,evidenceFrom,DOC-CASE-038,1.0
CASE-2025-0150,SYM-05,hasObservedSymptom,DOC-CASE-038,1.0
CASE-2025-0150,SYM-03,hasObservedSymptom,DOC-CASE-038,1.0
CASE-2025-0151,CROP-01,ofCrop,DOC-CASE-038,1.0
CASE-2025-0151,REG-01,observedIn,DOC-CASE-038,1.0
CASE-2025-0151,DIS-03,diagnosedAs,DOC-CASE-038,1.0
CASE-2025-0151,DOC-CASE-038,evidenceFrom,DOC-CASE-038,1.0
CASE-2025-0151,SYM-06,hasObservedSymptom,DOC-CASE-038,1.0
CASE-2025-0151,SYM-07,hasObservedSymptom,DOC-CASE-038,1.0
CASE-2025-0152,CROP-01,ofCrop,DOC-CASE-038,1.0
CASE-2025-0152,REG-02,observedIn,DOC-CASE-038,1.0
CASE-2025-0152,DIS-06,diagnosedAs,DOC-CASE-038,1.0
CASE-2025-0152,DOC-CASE-038,evidenceFrom,DOC-CASE-038,1.0
CASE-2025-0152,SYM-12,hasObservedSymptom,DOC-CASE-038,1.0
CASE-2025-0152,SYM-13,hasObservedSymptom,DOC-CASE-038,1.0
CASE-2025-0153,CROP-01,ofCrop,DOC-CASE-039,1.0
CASE-2025-0153,REG-03,observedIn,DOC-CASE-039,1.0
CASE-2025-0153,DIS-02,diagnosedAs,DOC-CASE-039,1.0
CASE-2025-0153,DOC-CASE-039,evidenceFrom,DOC-CASE-039,1.0
CASE-2025-0153,SYM-05,hasObservedSymptom,DOC-CASE-039,1.0
CASE-2025-0153,SYM-03,hasObservedSymptom,DOC-CASE-039,1.0
CASE-2025-0154,CROP-01,ofCrop,DOC-CASE-039,1.0
CASE-2025-0154,REG-04,observedIn,DOC-CASE-039,1.0
CASE-2025-0154,DIS-06,diagnosedAs,DOC-CASE-039,1.0
CASE-2025-0154,DOC-CASE-039,evidenceFrom,DOC-CASE-039,1.0
CASE-2025-0154,SYM-12,hasObservedSymptom,DOC-CASE-039,1.0
CASE-2025-0154,SYM-13,hasObservedSymptom,DOC-CASE-039,1.0
CASE-2025-0155,CROP-01,ofCrop,DOC-CASE-039,1.0
CASE-2025-0155,REG-05,observedIn,DOC-CASE-039,1.0
CASE-2025-0155,DIS-02,diagnosedAs,DOC-CASE-039,1.0
CASE-2025-0155,DOC-CASE-039,evidenceFrom,DOC-CASE-039,1.0
CASE-2025-0155,SYM-05,hasObservedSymptom,DOC-CASE-039,1.0
CASE-2025-0155,SYM-03,hasObservedSymptom,DOC-CASE-039,1.0
CASE-2025-0156,CROP-01,ofCrop,DOC-CASE-039,1.0
CASE-2025-0156,REG-01,observedIn,DOC-CASE-039,1.0
CASE-2025-0156,DIS-03,diagnosedAs,DOC-CASE-039,1.0
CASE-2025-0156,DOC-CASE-039,evidenceFrom,DOC-CASE-039,1.0
CASE-2025-0156,SYM-06,hasObservedSymptom,DOC-CASE-039,1.0
CASE-2025-0156,SYM-07,hasObservedSymptom,DOC-CASE-039,1.0
CASE-2025-0157,CROP-01,ofCrop,DOC-CASE-040,1.0
CASE-2025-0157,REG-02,observedIn,DOC-CASE-040,1.0
CASE-2025-0157,DIS-06,diagnosedAs,DOC-CASE-040,1.0
CASE-2025-0157,DOC-CASE-040,evidenceFrom,DOC-CASE-040,1.0
CASE-2025-0157,SYM-12,hasObservedSymptom,DOC-CASE-040,1.0
CASE-2025-0157,SYM-13,hasObservedSymptom,DOC-CASE-040,1.0
CASE-2025-0157,SYM-03,hasObservedSymptom,DOC-CASE-040,1.0
CASE-2025-0158,CROP-01,ofCrop,DOC-CASE-040,1.0
CASE-2025-0158,REG-03,observedIn,DOC-CASE-040,1.0
CASE-2025-0158,DIS-02,diagnosedAs,DOC-CASE-040,1.0
CASE-2025-0158,DOC-CASE-040,evidenceFrom,DOC-CASE-040,1.0
CASE-2025-0158,SYM-05,hasObservedSymptom,DOC-CASE-040,1.0
CASE-2025-0158,SYM-03,hasObservedSymptom,DOC-CASE-040,1.0
CASE-2025-0159,CROP-01,ofCrop,DOC-CASE-040,1.0
CASE-2025-0159,REG-04,observedIn,DOC-CASE-040,1.0
CASE-2025-0159,DIS-06,diagnosedAs,DOC-CASE-040,1.0
CASE-2025-0159,DOC-CASE-040,evidenceFrom,DOC-CASE-040,1.0
CASE-2025-0159,SYM-12,hasObservedSymptom,DOC-CASE-040,1.0
CASE-2025-0159,SYM-13,hasObservedSymptom,DOC-CASE-040,1.0
CASE-2025-0160,CROP-01,ofCrop,DOC-CASE-040,1.0
CASE-2025-0160,REG-05,observedIn,DOC-CASE-040,1.0
CASE-2025-0160,DIS-02,diagnosedAs,DOC-CASE-040,1.0
CASE-2025-0160,DOC-CASE-040,evidenceFrom,DOC-CASE-040,1.0
CASE-2025-0160,SYM-05,hasObservedSymptom,DOC-CASE-040,1.0
CASE-2025-0160,SYM-03,hasObservedSymptom,DOC-CASE-040,1.0
CASE-2025-0161,CROP-01,ofCrop,DOC-CASE-041,1.0
CASE-2025-0161,REG-01,observedIn,DOC-CASE-041,1.0
CASE-2025-0161,DIS-06,diagnosedAs,DOC-CASE-041,1.0
CASE-2025-0161,DOC-CASE-041,evidenceFrom,DOC-CASE-041,1.0
CASE-2025-0161,SYM-12,hasObservedSymptom,DOC-CASE-041,1.0
CASE-2025-0161,SYM-13,hasObservedSymptom,DOC-CASE-041,1.0
CASE-2025-0161,SYM-03,hasObservedSymptom,DOC-CASE-041,1.0
CASE-2025-0162,CROP-01,ofCrop,DOC-CASE-041,1.0
CASE-2025-0162,REG-02,observedIn,DOC-CASE-041,1.0
CASE-2025-0162,DIS-06,diagnosedAs,DOC-CASE-041,1.0
CASE-2025-0162,DOC-CASE-041,evidenceFrom,DOC-CASE-041,1.0
CASE-2025-0162,SYM-12,hasObservedSymptom,DOC-CASE-041,1.0
CASE-2025-0162,SYM-13,hasObservedSymptom,DOC-CASE-041,1.0
CASE-2025-0163,CROP-01,ofCrop,DOC-CASE-041,1.0
CASE-2025-0163,REG-03,observedIn,DOC-CASE-041,1.0
CASE-2025-0163,DIS-02,diagnosedAs,DOC-CASE-041,1.0
CASE-2025-0163,DOC-CASE-041,evidenceFrom,DOC-CASE-041,1.0
CASE-2025-0163,SYM-05,hasObservedSymptom,DOC-CASE-041,1.0
CASE-2025-0163,SYM-03,hasObservedSymptom,DOC-CASE-041,1.0
CASE-2025-0164,CROP-01,ofCrop,DOC-CASE-041,1.0
CASE-2025-0164,REG-04,observedIn,DOC-CASE-041,1.0
CASE-2025-0164,DIS-06,diagnosedAs,DOC-CASE-041,1.0
CASE-2025-0164,DOC-CASE-041,evidenceFrom,DOC-CASE-041,1.0
CASE-2025-0164,SYM-12,hasObservedSymptom,DOC-CASE-041,1.0
CASE-2025-0164,SYM-13,hasObservedSymptom,DOC-CASE-041,1.0
CASE-2025-0165,CROP-01,ofCrop,DOC-CASE-042,1.0
CASE-2025-0165,REG-05,observedIn,DOC-CASE-042,1.0
CASE-2025-0165,DIS-02,diagnosedAs,DOC-CASE-042,1.0
CASE-2025-0165,DOC-CASE-042,evidenceFrom,DOC-CASE-042,1.0
CASE-2025-0165,SYM-05,hasObservedSymptom,DOC-CASE-042,1.0
CASE-2025-0165,SYM-03,hasObservedSymptom,DOC-CASE-042,1.0
CASE-2025-0166,CROP-01,ofCrop,DOC-CASE-042,1.0
CASE-2025-0166,REG-01,observedIn,DOC-CASE-042,1.0
CASE-2025-0166,DIS-06,diagnosedAs,DOC-CASE-042,1.0
CASE-2025-0166,DOC-CASE-042,evidenceFrom,DOC-CASE-042,1.0
CASE-2025-0166,SYM-12,hasObservedSymptom,DOC-CASE-042,1.0
CASE-2025-0166,SYM-13,hasObservedSymptom,DOC-CASE-042,1.0
CASE-2025-0167,CROP-01,ofCrop,DOC-CASE-042,1.0
CASE-2025-0167,REG-02,observedIn,DOC-CASE-042,1.0
CASE-2025-0167,DIS-01,diagnosedAs,DOC-CASE-042,1.0
CASE-2025-0167,DOC-CASE-042,evidenceFrom,DOC-CASE-042,1.0
CASE-2025-0167,SYM-01,hasObservedSymptom,DOC-CASE-042,1.0
CASE-2025-0167,SYM-02,hasObservedSymptom,DOC-CASE-042,1.0
CASE-2025-0168,CROP-01,ofCrop,DOC-CASE-042,1.0
CASE-2025-0168,REG-03,observedIn,DOC-CASE-042,1.0
CASE-2025-0168,DIS-05,diagnosedAs,DOC-CASE-042,1.0
CASE-2025-0168,DOC-CASE-042,evidenceFrom,DOC-CASE-042,1.0
CASE-2025-0168,SYM-10,hasObservedSymptom,DOC-CASE-042,1.0
CASE-2025-0168,SYM-11,hasObservedSymptom,DOC-CASE-042,1.0
CASE-2025-0169,CROP-01,ofCrop,DOC-CASE-043,1.0
CASE-2025-0169,REG-04,observedIn,DOC-CASE-043,1.0
CASE-2025-0169,DIS-01,diagnosedAs,DOC-CASE-043,1.0
CASE-2025-0169,DOC-CASE-043,evidenceFrom,DOC-CASE-043,1.0
CASE-2025-0169,SYM-01,hasObservedSymptom,DOC-CASE-043,1.0
CASE-2025-0169,SYM-02,hasObservedSymptom,DOC-CASE-043,1.0
CASE-2025-0169,SYM-03,hasObservedSymptom,DOC-CASE-043,1.0
CASE-2025-0170,CROP-01,ofCrop,DOC-CASE-043,1.0
CASE-2025-0170,REG-05,observedIn,DOC-CASE-043,1.0
CASE-2025-0170,DIS-05,diagnosedAs,DOC-CASE-043,1.0
CASE-2025-0170,DOC-CASE-043,evidenceFrom,DOC-CASE-043,1.0
CASE-2025-0170,SYM-10,hasObservedSymptom,DOC-CASE-043,1.0
CASE-2025-0170,SYM-11,hasObservedSymptom,DOC-CASE-043,1.0
CASE-2025-0171,CROP-01,ofCrop,DOC-CASE-043,1.0
CASE-2025-0171,REG-01,observedIn,DOC-CASE-043,1.0
CASE-2025-0171,DIS-07,diagnosedAs,DOC-CASE-043,1.0
CASE-2025-0171,DOC-CASE-043,evidenceFrom,DOC-CASE-043,1.0
CASE-2025-0171,SYM-01,hasObservedSymptom,DOC-CASE-043,1.0
CASE-2025-0171,SYM-14,hasObservedSymptom,DOC-CASE-043,1.0
CASE-2025-0172,CROP-01,ofCrop,DOC-CASE-043,1.0
CASE-2025-0172,REG-02,observedIn,DOC-CASE-043,1.0
CASE-2025-0172,DIS-01,diagnosedAs,DOC-CASE-043,1.0
CASE-2025-0172,DOC-CASE-043,evidenceFrom,DOC-CASE-043,1.0
CASE-2025-0172,SYM-01,hasObservedSymptom,DOC-CASE-043,1.0
CASE-2025-0172,SYM-02,hasObservedSymptom,DOC-CASE-043,1.0
CASE-2025-0173,CROP-01,ofCrop,DOC-CASE-044,1.0
CASE-2025-0173,REG-03,observedIn,DOC-CASE-044,1.0
CASE-2025-0173,DIS-05,diagnosedAs,DOC-CASE-044,1.0
CASE-2025-0173,DOC-CASE-044,evidenceFrom,DOC-CASE-044,1.0
CASE-2025-0173,SYM-10,hasObservedSymptom,DOC-CASE-044,1.0
CASE-2025-0173,SYM-11,hasObservedSymptom,DOC-CASE-044,1.0
CASE-2025-0173,SYM-03,hasObservedSymptom,DOC-CASE-044,1.0
CASE-2025-0174,CROP-01,ofCrop,DOC-CASE-044,1.0
CASE-2025-0174,REG-04,observedIn,DOC-CASE-044,1.0
CASE-2025-0174,DIS-01,diagnosedAs,DOC-CASE-044,1.0
CASE-2025-0174,DOC-CASE-044,evidenceFrom,DOC-CASE-044,1.0
CASE-2025-0174,SYM-01,hasObservedSymptom,DOC-CASE-044,1.0
CASE-2025-0174,SYM-02,hasObservedSymptom,DOC-CASE-044,1.0
CASE-2025-0175,CROP-01,ofCrop,DOC-CASE-044,1.0
CASE-2025-0175,REG-05,observedIn,DOC-CASE-044,1.0
CASE-2025-0175,DIS-05,diagnosedAs,DOC-CASE-044,1.0
CASE-2025-0175,DOC-CASE-044,evidenceFrom,DOC-CASE-044,1.0
CASE-2025-0175,SYM-10,hasObservedSymptom,DOC-CASE-044,1.0
CASE-2025-0175,SYM-11,hasObservedSymptom,DOC-CASE-044,1.0
CASE-2025-0176,CROP-01,ofCrop,DOC-CASE-044,1.0
CASE-2025-0176,REG-01,observedIn,DOC-CASE-044,1.0
CASE-2025-0176,DIS-07,diagnosedAs,DOC-CASE-044,1.0
CASE-2025-0176,DOC-CASE-044,evidenceFrom,DOC-CASE-044,1.0
CASE-2025-0176,SYM-01,hasObservedSymptom,DOC-CASE-044,1.0
CASE-2025-0176,SYM-14,hasObservedSymptom,DOC-CASE-044,1.0
CASE-2025-0177,CROP-01,ofCrop,DOC-CASE-045,1.0
CASE-2025-0177,REG-02,observedIn,DOC-CASE-045,1.0
CASE-2025-0177,DIS-01,diagnosedAs,DOC-CASE-045,1.0
CASE-2025-0177,DOC-CASE-045,evidenceFrom,DOC-CASE-045,1.0
CASE-2025-0177,SYM-01,hasObservedSymptom,DOC-CASE-045,1.0
CASE-2025-0177,SYM-02,hasObservedSymptom,DOC-CASE-045,1.0
CASE-2025-0177,SYM-03,hasObservedSymptom,DOC-CASE-045,1.0
CASE-2025-0178,CROP-01,ofCrop,DOC-CASE-045,1.0
CASE-2025-0178,REG-03,observedIn,DOC-CASE-045,1.0
CASE-2025-0178,DIS-05,diagnosedAs,DOC-CASE-045,1.0
CASE-2025-0178,DOC-CASE-045,evidenceFrom,DOC-CASE-045,1.0
CASE-2025-0178,SYM-10,hasObservedSymptom,DOC-CASE-045,1.0
CASE-2025-0178,SYM-11,hasObservedSymptom,DOC-CASE-045,1.0
CASE-2025-0179,CROP-01,ofCrop,DOC-CASE-045,1.0
CASE-2025-0179,REG-04,observedIn,DOC-CASE-045,1.0
CASE-2025-0179,DIS-01,diagnosedAs,DOC-CASE-045,1.0
CASE-2025-0179,DOC-CASE-045,evidenceFrom,DOC-CASE-045,1.0
CASE-2025-0179,SYM-01,hasObservedSymptom,DOC-CASE-045,1.0
CASE-2025-0179,SYM-02,hasObservedSymptom,DOC-CASE-045,1.0
CASE-2025-0180,CROP-01,ofCrop,DOC-CASE-045,1.0
CASE-2025-0180,REG-05,observedIn,DOC-CASE-045,1.0
CASE-2025-0180,DIS-05,diagnosedAs,DOC-CASE-045,1.0
CASE-2025-0180,DOC-CASE-045,evidenceFrom,DOC-CASE-045,1.0
CASE-2025-0180,SYM-10,hasObservedSymptom,DOC-CASE-045,1.0
CASE-2025-0180,SYM-11,hasObservedSymptom,DOC-CASE-045,1.0
CASE-2025-0181,CROP-01,ofCrop,DOC-CASE-046,1.0
CASE-2025-0181,REG-01,observedIn,DOC-CASE-046,1.0
CASE-2025-0181,DIS-02,diagnosedAs,DOC-CASE-046,1.0
CASE-2025-0181,DOC-CASE-046,evidenceFrom,DOC-CASE-046,1.0
CASE-2025-0181,SYM-05,hasObservedSymptom,DOC-CASE-046,1.0
CASE-2025-0181,SYM-03,hasObservedSymptom,DOC-CASE-046,1.0
CASE-2025-0182,CROP-01,ofCrop,DOC-CASE-046,1.0
CASE-2025-0182,REG-02,observedIn,DOC-CASE-046,1.0
CASE-2025-0182,DIS-01,diagnosedAs,DOC-CASE-046,1.0
CASE-2025-0182,DOC-CASE-046,evidenceFrom,DOC-CASE-046,1.0
CASE-2025-0182,SYM-01,hasObservedSymptom,DOC-CASE-046,1.0
CASE-2025-0182,SYM-02,hasObservedSymptom,DOC-CASE-046,1.0
CASE-2025-0183,CROP-01,ofCrop,DOC-CASE-046,1.0
CASE-2025-0183,REG-03,observedIn,DOC-CASE-046,1.0
CASE-2025-0183,DIS-05,diagnosedAs,DOC-CASE-046,1.0
CASE-2025-0183,DOC-CASE-046,evidenceFrom,DOC-CASE-046,1.0
CASE-2025-0183,SYM-10,hasObservedSymptom,DOC-CASE-046,1.0
CASE-2025-0183,SYM-11,hasObservedSymptom,DOC-CASE-046,1.0
CASE-2025-0184,CROP-01,ofCrop,DOC-CASE-046,1.0
CASE-2025-0184,REG-04,observedIn,DOC-CASE-046,1.0
CASE-2025-0184,DIS-01,diagnosedAs,DOC-CASE-046,1.0
CASE-2025-0184,DOC-CASE-046,evidenceFrom,DOC-CASE-046,1.0
CASE-2025-0184,SYM-01,hasObservedSymptom,DOC-CASE-046,1.0
CASE-2025-0184,SYM-02,hasObservedSymptom,DOC-CASE-046,1.0
CASE-2025-0185,CROP-01,ofCrop,DOC-CASE-047,1.0
CASE-2025-0185,REG-05,observedIn,DOC-CASE-047,1.0
CASE-2025-0185,DIS-05,diagnosedAs,DOC-CASE-047,1.0
CASE-2025-0185,DOC-CASE-047,evidenceFrom,DOC-CASE-047,1.0
CASE-2025-0185,SYM-10,hasObservedSymptom,DOC-CASE-047,1.0
CASE-2025-0185,SYM-11,hasObservedSymptom,DOC-CASE-047,1.0
CASE-2025-0185,SYM-03,hasObservedSymptom,DOC-CASE-047,1.0
CASE-2025-0186,CROP-01,ofCrop,DOC-CASE-047,1.0
CASE-2025-0186,REG-01,observedIn,DOC-CASE-047,1.0
CASE-2025-0186,DIS-02,diagnosedAs,DOC-CASE-047,1.0
CASE-2025-0186,DOC-CASE-047,evidenceFrom,DOC-CASE-047,1.0
CASE-2025-0186,SYM-05,hasObservedSymptom,DOC-CASE-047,1.0
CASE-2025-0186,SYM-03,hasObservedSymptom,DOC-CASE-047,1.0
CASE-2025-0187,CROP-01,ofCrop,DOC-CASE-047,1.0
CASE-2025-0187,REG-02,observedIn,DOC-CASE-047,1.0
CASE-2025-0187,DIS-01,diagnosedAs,DOC-CASE-047,1.0
CASE-2025-0187,DOC-CASE-047,evidenceFrom,DOC-CASE-047,1.0
CASE-2025-0187,SYM-01,hasObservedSymptom,DOC-CASE-047,1.0
CASE-2025-0187,SYM-02,hasObservedSymptom,DOC-CASE-047,1.0
CASE-2025-0188,CROP-01,ofCrop,DOC-CASE-047,1.0
CASE-2025-0188,REG-03,observedIn,DOC-CASE-047,1.0
CASE-2025-0188,DIS-05,diagnosedAs,DOC-CASE-047,1.0
CASE-2025-0188,DOC-CASE-047,evidenceFrom,DOC-CASE-047,1.0
CASE-2025-0188,SYM-10,hasObservedSymptom,DOC-CASE-047,1.0
CASE-2025-0188,SYM-11,hasObservedSymptom,DOC-CASE-047,1.0
CASE-2025-0189,CROP-01,ofCrop,DOC-CASE-048,1.0
CASE-2025-0189,REG-04,observedIn,DOC-CASE-048,1.0
CASE-2025-0189,DIS-01,diagnosedAs,DOC-CASE-048,1.0
CASE-2025-0189,DOC-CASE-048,evidenceFrom,DOC-CASE-048,1.0
CASE-2025-0189,SYM-01,hasObservedSymptom,DOC-CASE-048,1.0
CASE-2025-0189,SYM-02,hasObservedSymptom,DOC-CASE-048,1.0
CASE-2025-0189,SYM-03,hasObservedSymptom,DOC-CASE-048,1.0
CASE-2025-0190,CROP-01,ofCrop,DOC-CASE-048,1.0
CASE-2025-0190,REG-05,observedIn,DOC-CASE-048,1.0
CASE-2025-0190,DIS-05,diagnosedAs,DOC-CASE-048,1.0
CASE-2025-0190,DOC-CASE-048,evidenceFrom,DOC-CASE-048,1.0
CASE-2025-0190,SYM-10,hasObservedSymptom,DOC-CASE-048,1.0
CASE-2025-0190,SYM-11,hasObservedSymptom,DOC-CASE-048,1.0
CASE-2025-0191,CROP-01,ofCrop,DOC-CASE-048,1.0
CASE-2025-0191,REG-01,observedIn,DOC-CASE-048,1.0
CASE-2025-0191,DIS-03,diagnosedAs,DOC-CASE-048,1.0
CASE-2025-0191,DOC-CASE-048,evidenceFrom,DOC-CASE-048,1.0
CASE-2025-0191,SYM-06,hasObservedSymptom,DOC-CASE-048,1.0
CASE-2025-0191,SYM-07,hasObservedSymptom,DOC-CASE-048,1.0
CASE-2025-0192,CROP-01,ofCrop,DOC-CASE-048,1.0
CASE-2025-0192,REG-02,observedIn,DOC-CASE-048,1.0
CASE-2025-0192,DIS-04,diagnosedAs,DOC-CASE-048,1.0
CASE-2025-0192,DOC-CASE-048,evidenceFrom,DOC-CASE-048,1.0
CASE-2025-0192,SYM-08,hasObservedSymptom,DOC-CASE-048,1.0
CASE-2025-0192,SYM-09,hasObservedSymptom,DOC-CASE-048,1.0
CASE-2025-0193,CROP-01,ofCrop,DOC-CASE-049,1.0
CASE-2025-0193,REG-03,observedIn,DOC-CASE-049,1.0
CASE-2025-0193,DIS-08,diagnosedAs,DOC-CASE-049,1.0
CASE-2025-0193,DOC-CASE-049,evidenceFrom,DOC-CASE-049,1.0
CASE-2025-0193,SYM-15,hasObservedSymptom,DOC-CASE-049,1.0
CASE-2025-0193,SYM-16,hasObservedSymptom,DOC-CASE-049,1.0
CASE-2025-0194,CROP-01,ofCrop,DOC-CASE-049,1.0
CASE-2025-0194,REG-04,observedIn,DOC-CASE-049,1.0
CASE-2025-0194,DIS-04,diagnosedAs,DOC-CASE-049,1.0
CASE-2025-0194,DOC-CASE-049,evidenceFrom,DOC-CASE-049,1.0
CASE-2025-0194,SYM-08,hasObservedSymptom,DOC-CASE-049,1.0
CASE-2025-0194,SYM-09,hasObservedSymptom,DOC-CASE-049,1.0
CASE-2025-0195,CROP-01,ofCrop,DOC-CASE-049,1.0
CASE-2025-0195,REG-05,observedIn,DOC-CASE-049,1.0
CASE-2025-0195,DIS-08,diagnosedAs,DOC-CASE-049,1.0
CASE-2025-0195,DOC-CASE-049,evidenceFrom,DOC-CASE-049,1.0
CASE-2025-0195,SYM-15,hasObservedSymptom,DOC-CASE-049,1.0
CASE-2025-0195,SYM-16,hasObservedSymptom,DOC-CASE-049,1.0
CASE-2025-0196,CROP-01,ofCrop,DOC-CASE-049,1.0
CASE-2025-0196,REG-01,observedIn,DOC-CASE-049,1.0
CASE-2025-0196,DIS-03,diagnosedAs,DOC-CASE-049,1.0
CASE-2025-0196,DOC-CASE-049,evidenceFrom,DOC-CASE-049,1.0
CASE-2025-0196,SYM-06,hasObservedSymptom,DOC-CASE-049,1.0
CASE-2025-0196,SYM-07,hasObservedSymptom,DOC-CASE-049,1.0
CASE-2025-0197,CROP-01,ofCrop,DOC-CASE-050,1.0
CASE-2025-0197,REG-02,observedIn,DOC-CASE-050,1.0
CASE-2025-0197,DIS-04,diagnosedAs,DOC-CASE-050,1.0
CASE-2025-0197,DOC-CASE-050,evidenceFrom,DOC-CASE-050,1.0
CASE-2025-0197,SYM-08,hasObservedSymptom,DOC-CASE-050,1.0
CASE-2025-0197,SYM-09,hasObservedSymptom,DOC-CASE-050,1.0
CASE-2025-0197,SYM-03,hasObservedSymptom,DOC-CASE-050,1.0
CASE-2025-0198,CROP-01,ofCrop,DOC-CASE-050,1.0
CASE-2025-0198,REG-03,observedIn,DOC-CASE-050,1.0
CASE-2025-0198,DIS-08,diagnosedAs,DOC-CASE-050,1.0
CASE-2025-0198,DOC-CASE-050,evidenceFrom,DOC-CASE-050,1.0
CASE-2025-0198,SYM-15,hasObservedSymptom,DOC-CASE-050,1.0
CASE-2025-0198,SYM-16,hasObservedSymptom,DOC-CASE-050,1.0
CASE-2025-0199,CROP-01,ofCrop,DOC-CASE-050,1.0
CASE-2025-0199,REG-04,observedIn,DOC-CASE-050,1.0
CASE-2025-0199,DIS-04,diagnosedAs,DOC-CASE-050,1.0
CASE-2025-0199,DOC-CASE-050,evidenceFrom,DOC-CASE-050,1.0
CASE-2025-0199,SYM-08,hasObservedSymptom,DOC-CASE-050,1.0
CASE-2025-0199,SYM-09,hasObservedSymptom,DOC-CASE-050,1.0
CASE-2025-0200,CROP-01,ofCrop,DOC-CASE-050,1.0
CASE-2025-0200,REG-05,observedIn,DOC-CASE-050,1.0
CASE-2025-0200,DIS-08,diagnosedAs,DOC-CASE-050,1.0
CASE-2025-0200,DOC-CASE-050,evidenceFrom,DOC-CASE-050,1.0
CASE-2025-0200,SYM-15,hasObservedSymptom,DOC-CASE-050,1.0
CASE-2025-0200,SYM-16,hasObservedSymptom,DOC-CASE-050,1.0
CASE-2025-0201,CROP-01,ofCrop,DOC-CASE-051,1.0
CASE-2025-0201,REG-01,observedIn,DOC-CASE-051,1.0
CASE-2025-0201,DIS-06,diagnosedAs,DOC-CASE-051,1.0
CASE-2025-0201,DOC-CASE-051,evidenceFrom,DOC-CASE-051,1.0
CASE-2025-0201,SYM-12,hasObservedSymptom,DOC-CASE-051,1.0
CASE-2025-0201,SYM-13,hasObservedSymptom,DOC-CASE-051,1.0
CASE-2025-0201,SYM-03,hasObservedSymptom,DOC-CASE-051,1.0
CASE-2025-0202,CROP-01,ofCrop,DOC-CASE-051,1.0
CASE-2025-0202,REG-02,observedIn,DOC-CASE-051,1.0
CASE-2025-0202,DIS-04,diagnosedAs,DOC-CASE-051,1.0
CASE-2025-0202,DOC-CASE-051,evidenceFrom,DOC-CASE-051,1.0
CASE-2025-0202,SYM-08,hasObservedSymptom,DOC-CASE-051,1.0
CASE-2025-0202,SYM-09,hasObservedSymptom,DOC-CASE-051,1.0
CASE-2025-0203,CROP-01,ofCrop,DOC-CASE-051,1.0
CASE-2025-0203,REG-03,observedIn,DOC-CASE-051,1.0
CASE-2025-0203,DIS-08,diagnosedAs,DOC-CASE-051,1.0
CASE-2025-0203,DOC-CASE-051,evidenceFrom,DOC-CASE-051,1.0
CASE-2025-0203,SYM-15,hasObservedSymptom,DOC-CASE-051,1.0
CASE-2025-0203,SYM-16,hasObservedSymptom,DOC-CASE-051,1.0
CASE-2025-0204,CROP-01,ofCrop,DOC-CASE-051,1.0
CASE-2025-0204,REG-04,observedIn,DOC-CASE-051,1.0
CASE-2025-0204,DIS-04,diagnosedAs,DOC-CASE-051,1.0
CASE-2025-0204,DOC-CASE-051,evidenceFrom,DOC-CASE-051,1.0
CASE-2025-0204,SYM-08,hasObservedSymptom,DOC-CASE-051,1.0
CASE-2025-0204,SYM-09,hasObservedSymptom,DOC-CASE-051,1.0
CASE-2025-0205,CROP-01,ofCrop,DOC-CASE-052,1.0
CASE-2025-0205,REG-05,observedIn,DOC-CASE-052,1.0
CASE-2025-0205,DIS-08,diagnosedAs,DOC-CASE-052,1.0
CASE-2025-0205,DOC-CASE-052,evidenceFrom,DOC-CASE-052,1.0
CASE-2025-0205,SYM-15,hasObservedSymptom,DOC-CASE-052,1.0
CASE-2025-0205,SYM-16,hasObservedSymptom,DOC-CASE-052,1.0
CASE-2025-0206,CROP-01,ofCrop,DOC-CASE-052,1.0
CASE-2025-0206,REG-01,observedIn,DOC-CASE-052,1.0
CASE-2025-0206,DIS-06,diagnosedAs,DOC-CASE-052,1.0
CASE-2025-0206,DOC-CASE-052,evidenceFrom,DOC-CASE-052,1.0
CASE-2025-0206,SYM-12,hasObservedSymptom,DOC-CASE-052,1.0
CASE-2025-0206,SYM-13,hasObservedSymptom,DOC-CASE-052,1.0
CASE-2025-0207,CROP-01,ofCrop,DOC-CASE-052,1.0
CASE-2025-0207,REG-02,observedIn,DOC-CASE-052,1.0
CASE-2025-0207,DIS-04,diagnosedAs,DOC-CASE-052,1.0
CASE-2025-0207,DOC-CASE-052,evidenceFrom,DOC-CASE-052,1.0
CASE-2025-0207,SYM-08,hasObservedSymptom,DOC-CASE-052,1.0
CASE-2025-0207,SYM-09,hasObservedSymptom,DOC-CASE-052,1.0
CASE-2025-0208,CROP-01,ofCrop,DOC-CASE-052,1.0
CASE-2025-0208,REG-03,observedIn,DOC-CASE-052,1.0
CASE-2025-0208,DIS-08,diagnosedAs,DOC-CASE-052,1.0
CASE-2025-0208,DOC-CASE-052,evidenceFrom,DOC-CASE-052,1.0
CASE-2025-0208,SYM-15,hasObservedSymptom,DOC-CASE-052,1.0
CASE-2025-0208,SYM-16,hasObservedSymptom,DOC-CASE-052,1.0
CASE-2025-0209,CROP-01,ofCrop,DOC-CASE-053,1.0
CASE-2025-0209,REG-04,observedIn,DOC-CASE-053,1.0
CASE-2025-0209,DIS-04,diagnosedAs,DOC-CASE-053,1.0
CASE-2025-0209,DOC-CASE-053,evidenceFrom,DOC-CASE-053,1.0
CASE-2025-0209,SYM-08,hasObservedSymptom,DOC-CASE-053,1.0
CASE-2025-0209,SYM-09,hasObservedSymptom,DOC-CASE-053,1.0
CASE-2025-0209,SYM-03,hasObservedSymptom,DOC-CASE-053,1.0
CASE-2025-0210,CROP-01,ofCrop,DOC-CASE-053,1.0
CASE-2025-0210,REG-05,observedIn,DOC-CASE-053,1.0
CASE-2025-0210,DIS-08,diagnosedAs,DOC-CASE-053,1.0
CASE-2025-0210,DOC-CASE-053,evidenceFrom,DOC-CASE-053,1.0
CASE-2025-0210,SYM-15,hasObservedSymptom,DOC-CASE-053,1.0
CASE-2025-0210,SYM-16,hasObservedSymptom,DOC-CASE-053,1.0
CASE-2025-0211,CROP-01,ofCrop,DOC-CASE-053,1.0
CASE-2025-0211,REG-01,observedIn,DOC-CASE-053,1.0
CASE-2025-0211,DIS-07,diagnosedAs,DOC-CASE-053,1.0
CASE-2025-0211,DOC-CASE-053,evidenceFrom,DOC-CASE-053,1.0
CASE-2025-0211,SYM-01,hasObservedSymptom,DOC-CASE-053,1.0
CASE-2025-0211,SYM-14,hasObservedSymptom,DOC-CASE-053,1.0
CASE-2025-0212,CROP-01,ofCrop,DOC-CASE-053,1.0
CASE-2025-0212,REG-02,observedIn,DOC-CASE-053,1.0
CASE-2025-0212,DIS-04,diagnosedAs,DOC-CASE-053,1.0
CASE-2025-0212,DOC-CASE-053,evidenceFrom,DOC-CASE-053,1.0
CASE-2025-0212,SYM-08,hasObservedSymptom,DOC-CASE-053,1.0
CASE-2025-0212,SYM-09,hasObservedSymptom,DOC-CASE-053,1.0
CASE-2025-0213,CROP-01,ofCrop,DOC-CASE-054,1.0
CASE-2025-0213,REG-03,observedIn,DOC-CASE-054,1.0
CASE-2025-0213,DIS-08,diagnosedAs,DOC-CASE-054,1.0
CASE-2025-0213,DOC-CASE-054,evidenceFrom,DOC-CASE-054,1.0
CASE-2025-0213,SYM-15,hasObservedSymptom,DOC-CASE-054,1.0
CASE-2025-0213,SYM-16,hasObservedSymptom,DOC-CASE-054,1.0
CASE-2025-0214,CROP-01,ofCrop,DOC-CASE-054,1.0
CASE-2025-0214,REG-04,observedIn,DOC-CASE-054,1.0
CASE-2025-0214,DIS-04,diagnosedAs,DOC-CASE-054,1.0
CASE-2025-0214,DOC-CASE-054,evidenceFrom,DOC-CASE-054,1.0
CASE-2025-0214,SYM-08,hasObservedSymptom,DOC-CASE-054,1.0
CASE-2025-0214,SYM-09,hasObservedSymptom,DOC-CASE-054,1.0
CASE-2025-0215,CROP-01,ofCrop,DOC-CASE-054,1.0
CASE-2025-0215,REG-05,observedIn,DOC-CASE-054,1.0
CASE-2025-0215,DIS-08,diagnosedAs,DOC-CASE-054,1.0
CASE-2025-0215,DOC-CASE-054,evidenceFrom,DOC-CASE-054,1.0
CASE-2025-0215,SYM-15,hasObservedSymptom,DOC-CASE-054,1.0
CASE-2025-0215,SYM-16,hasObservedSymptom,DOC-CASE-054,1.0
CASE-2025-0216,CROP-01,ofCrop,DOC-CASE-054,1.0
CASE-2025-0216,REG-01,observedIn,DOC-CASE-054,1.0
CASE-2025-0216,DIS-07,diagnosedAs,DOC-CASE-054,1.0
CASE-2025-0216,DOC-CASE-054,evidenceFrom,DOC-CASE-054,1.0
CASE-2025-0216,SYM-01,hasObservedSymptom,DOC-CASE-054,1.0
CASE-2025-0216,SYM-14,hasObservedSymptom,DOC-CASE-054,1.0
CASE-2025-0217,CROP-01,ofCrop,DOC-CASE-055,1.0
CASE-2025-0217,REG-02,observedIn,DOC-CASE-055,1.0
CASE-2025-0217,DIS-07,diagnosedAs,DOC-CASE-055,1.0
CASE-2025-0217,DOC-CASE-055,evidenceFrom,DOC-CASE-055,1.0
CASE-2025-0217,SYM-01,hasObservedSymptom,DOC-CASE-055,1.0
CASE-2025-0217,SYM-14,hasObservedSymptom,DOC-CASE-055,1.0
CASE-2025-0217,SYM-03,hasObservedSymptom,DOC-CASE-055,1.0
CASE-2025-0218,CROP-01,ofCrop,DOC-CASE-055,1.0
CASE-2025-0218,REG-03,observedIn,DOC-CASE-055,1.0
CASE-2025-0218,DIS-03,diagnosedAs,DOC-CASE-055,1.0
CASE-2025-0218,DOC-CASE-055,evidenceFrom,DOC-CASE-055,1.0
CASE-2025-0218,SYM-06,hasObservedSymptom,DOC-CASE-055,1.0
CASE-2025-0218,SYM-07,hasObservedSymptom,DOC-CASE-055,1.0
CASE-2025-0219,CROP-01,ofCrop,DOC-CASE-055,1.0
CASE-2025-0219,REG-04,observedIn,DOC-CASE-055,1.0
CASE-2025-0219,DIS-07,diagnosedAs,DOC-CASE-055,1.0
CASE-2025-0219,DOC-CASE-055,evidenceFrom,DOC-CASE-055,1.0
CASE-2025-0219,SYM-01,hasObservedSymptom,DOC-CASE-055,1.0
CASE-2025-0219,SYM-14,hasObservedSymptom,DOC-CASE-055,1.0
CASE-2025-0220,CROP-01,ofCrop,DOC-CASE-055,1.0
CASE-2025-0220,REG-05,observedIn,DOC-CASE-055,1.0
CASE-2025-0220,DIS-03,diagnosedAs,DOC-CASE-055,1.0
CASE-2025-0220,DOC-CASE-055,evidenceFrom,DOC-CASE-055,1.0
CASE-2025-0220,SYM-06,hasObservedSymptom,DOC-CASE-055,1.0
CASE-2025-0220,SYM-07,hasObservedSymptom,DOC-CASE-055,1.0
CASE-2025-0221,CROP-01,ofCrop,DOC-CASE-056,1.0
CASE-2025-0221,REG-01,observedIn,DOC-CASE-056,1.0
CASE-2025-0221,DIS-02,diagnosedAs,DOC-CASE-056,1.0
CASE-2025-0221,DOC-CASE-056,evidenceFrom,DOC-CASE-056,1.0
CASE-2025-0221,SYM-05,hasObservedSymptom,DOC-CASE-056,1.0
CASE-2025-0221,SYM-03,hasObservedSymptom,DOC-CASE-056,1.0
CASE-2025-0222,CROP-01,ofCrop,DOC-CASE-056,1.0
CASE-2025-0222,REG-02,observedIn,DOC-CASE-056,1.0
CASE-2025-0222,DIS-07,diagnosedAs,DOC-CASE-056,1.0
CASE-2025-0222,DOC-CASE-056,evidenceFrom,DOC-CASE-056,1.0
CASE-2025-0222,SYM-01,hasObservedSymptom,DOC-CASE-056,1.0
CASE-2025-0222,SYM-14,hasObservedSymptom,DOC-CASE-056,1.0
CASE-2025-0223,CROP-01,ofCrop,DOC-CASE-056,1.0
CASE-2025-0223,REG-03,observedIn,DOC-CASE-056,1.0
CASE-2025-0223,DIS-03,diagnosedAs,DOC-CASE-056,1.0
CASE-2025-0223,DOC-CASE-056,evidenceFrom,DOC-CASE-056,1.0
CASE-2025-0223,SYM-06,hasObservedSymptom,DOC-CASE-056,1.0
CASE-2025-0223,SYM-07,hasObservedSymptom,DOC-CASE-056,1.0
CASE-2025-0224,CROP-01,ofCrop,DOC-CASE-056,1.0
CASE-2025-0224,REG-04,observedIn,DOC-CASE-056,1.0
CASE-2025-0224,DIS-07,diagnosedAs,DOC-CASE-056,1.0
CASE-2025-0224,DOC-CASE-056,evidenceFrom,DOC-CASE-056,1.0
CASE-2025-0224,SYM-01,hasObservedSymptom,DOC-CASE-056,1.0
CASE-2025-0224,SYM-14,hasObservedSymptom,DOC-CASE-056,1.0
CASE-2025-0225,CROP-01,ofCrop,DOC-CASE-057,1.0
CASE-2025-0225,REG-05,observedIn,DOC-CASE-057,1.0
CASE-2025-0225,DIS-03,diagnosedAs,DOC-CASE-057,1.0
CASE-2025-0225,DOC-CASE-057,evidenceFrom,DOC-CASE-057,1.0
CASE-2025-0225,SYM-06,hasObservedSymptom,DOC-CASE-057,1.0
CASE-2025-0225,SYM-07,hasObservedSymptom,DOC-CASE-057,1.0
CASE-2025-0225,SYM-03,hasObservedSymptom,DOC-CASE-057,1.0
CASE-2025-0226,CROP-01,ofCrop,DOC-CASE-057,1.0
CASE-2025-0226,REG-01,observedIn,DOC-CASE-057,1.0
CASE-2025-0226,DIS-02,diagnosedAs,DOC-CASE-057,1.0
CASE-2025-0226,DOC-CASE-057,evidenceFrom,DOC-CASE-057,1.0
CASE-2025-0226,SYM-05,hasObservedSymptom,DOC-CASE-057,1.0
CASE-2025-0226,SYM-03,hasObservedSymptom,DOC-CASE-057,1.0
CASE-2025-0227,CROP-01,ofCrop,DOC-CASE-057,1.0
CASE-2025-0227,REG-02,observedIn,DOC-CASE-057,1.0
CASE-2025-0227,DIS-07,diagnosedAs,DOC-CASE-057,1.0
CASE-2025-0227,DOC-CASE-057,evidenceFrom,DOC-CASE-057,1.0
CASE-2025-0227,SYM-01,hasObservedSymptom,DOC-CASE-057,1.0
CASE-2025-0227,SYM-14,hasObservedSymptom,DOC-CASE-057,1.0
CASE-2025-0228,CROP-01,ofCrop,DOC-CASE-057,1.0
CASE-2025-0228,REG-03,observedIn,DOC-CASE-057,1.0
CASE-2025-0228,DIS-03,diagnosedAs,DOC-CASE-057,1.0
CASE-2025-0228,DOC-CASE-057,evidenceFrom,DOC-CASE-057,1.0
CASE-2025-0228,SYM-06,hasObservedSymptom,DOC-CASE-057,1.0
CASE-2025-0228,SYM-07,hasObservedSymptom,DOC-CASE-057,1.0
CASE-2025-0229,CROP-01,ofCrop,DOC-CASE-058,1.0
CASE-2025-0229,REG-04,observedIn,DOC-CASE-058,1.0
CASE-2025-0229,DIS-07,diagnosedAs,DOC-CASE-058,1.0
CASE-2025-0229,DOC-CASE-058,evidenceFrom,DOC-CASE-058,1.0
CASE-2025-0229,SYM-01,hasObservedSymptom,DOC-CASE-058,1.0
CASE-2025-0229,SYM-14,hasObservedSymptom,DOC-CASE-058,1.0
CASE-2025-0229,SYM-03,hasObservedSymptom,DOC-CASE-058,1.0
CASE-2025-0230,CROP-01,ofCrop,DOC-CASE-058,1.0
CASE-2025-0230,REG-05,observedIn,DOC-CASE-058,1.0
CASE-2025-0230,DIS-03,diagnosedAs,DOC-CASE-058,1.0
CASE-2025-0230,DOC-CASE-058,evidenceFrom,DOC-CASE-058,1.0
CASE-2025-0230,SYM-06,hasObservedSymptom,DOC-CASE-058,1.0
CASE-2025-0230,SYM-07,hasObservedSymptom,DOC-CASE-058,1.0
CASE-2025-0231,CROP-01,ofCrop,DOC-CASE-058,1.0
CASE-2025-0231,REG-01,observedIn,DOC-CASE-058,1.0
CASE-2025-0231,DIS-03,diagnosedAs,DOC-CASE-058,1.0
CASE-2025-0231,DOC-CASE-058,evidenceFrom,DOC-CASE-058,1.0
CASE-2025-0231,SYM-06,hasObservedSymptom,DOC-CASE-058,1.0
CASE-2025-0231,SYM-07,hasObservedSymptom,DOC-CASE-058,1.0
CASE-2025-0232,CROP-01,ofCrop,DOC-CASE-058,1.0
CASE-2025-0232,REG-02,observedIn,DOC-CASE-058,1.0
CASE-2025-0232,DIS-07,diagnosedAs,DOC-CASE-058,1.0
CASE-2025-0232,DOC-CASE-058,evidenceFrom,DOC-CASE-058,1.0
CASE-2025-0232,SYM-01,hasObservedSymptom,DOC-CASE-058,1.0
CASE-2025-0232,SYM-14,hasObservedSymptom,DOC-CASE-058,1.0
CASE-2025-0233,CROP-01,ofCrop,DOC-CASE-059,1.0
CASE-2025-0233,REG-03,observedIn,DOC-CASE-059,1.0
CASE-2025-0233,DIS-03,diagnosedAs,DOC-CASE-059,1.0
CASE-2025-0233,DOC-CASE-059,evidenceFrom,DOC-CASE-059,1.0
CASE-2025-0233,SYM-06,hasObservedSymptom,DOC-CASE-059,1.0
CASE-2025-0233,SYM-07,hasObservedSymptom,DOC-CASE-059,1.0
CASE-2025-0233,SYM-03,hasObservedSymptom,DOC-CASE-059,1.0
CASE-2025-0234,CROP-01,ofCrop,DOC-CASE-059,1.0
CASE-2025-0234,REG-04,observedIn,DOC-CASE-059,1.0
CASE-2025-0234,DIS-07,diagnosedAs,DOC-CASE-059,1.0
CASE-2025-0234,DOC-CASE-059,evidenceFrom,DOC-CASE-059,1.0
CASE-2025-0234,SYM-01,hasObservedSymptom,DOC-CASE-059,1.0
CASE-2025-0234,SYM-14,hasObservedSymptom,DOC-CASE-059,1.0
CASE-2025-0235,CROP-01,ofCrop,DOC-CASE-059,1.0
CASE-2025-0235,REG-05,observedIn,DOC-CASE-059,1.0
CASE-2025-0235,DIS-03,diagnosedAs,DOC-CASE-059,1.0
CASE-2025-0235,DOC-CASE-059,evidenceFrom,DOC-CASE-059,1.0
CASE-2025-0235,SYM-06,hasObservedSymptom,DOC-CASE-059,1.0
CASE-2025-0235,SYM-07,hasObservedSymptom,DOC-CASE-059,1.0
CASE-2025-0236,CROP-01,ofCrop,DOC-CASE-059,1.0
CASE-2025-0236,REG-01,observedIn,DOC-CASE-059,1.0
CASE-2025-0236,DIS-03,diagnosedAs,DOC-CASE-059,1.0
CASE-2025-0236,DOC-CASE-059,evidenceFrom,DOC-CASE-059,1.0
CASE-2025-0236,SYM-06,hasObservedSymptom,DOC-CASE-059,1.0
CASE-2025-0236,SYM-07,hasObservedSymptom,DOC-CASE-059,1.0
CASE-2025-0237,CROP-01,ofCrop,DOC-CASE-060,1.0
CASE-2025-0237,REG-02,observedIn,DOC-CASE-060,1.0
CASE-2025-0237,DIS-07,diagnosedAs,DOC-CASE-060,1.0
CASE-2025-0237,DOC-CASE-060,evidenceFrom,DOC-CASE-060,1.0
CASE-2025-0237,SYM-01,hasObservedSymptom,DOC-CASE-060,1.0
CASE-2025-0237,SYM-14,hasObservedSymptom,DOC-CASE-060,1.0
CASE-2025-0237,SYM-03,hasObservedSymptom,DOC-CASE-060,1.0
CASE-2025-0238,CROP-01,ofCrop,DOC-CASE-060,1.0
CASE-2025-0238,REG-03,observedIn,DOC-CASE-060,1.0
CASE-2025-0238,DIS-03,diagnosedAs,DOC-CASE-060,1.0
CASE-2025-0238,DOC-CASE-060,evidenceFrom,DOC-CASE-060,1.0
CASE-2025-0238,SYM-06,hasObservedSymptom,DOC-CASE-060,1.0
CASE-2025-0238,SYM-07,hasObservedSymptom,DOC-CASE-060,1.0
CASE-2025-0239,CROP-01,ofCrop,DOC-CASE-060,1.0
CASE-2025-0239,REG-04,observedIn,DOC-CASE-060,1.0
CASE-2025-0239,DIS-07,diagnosedAs,DOC-CASE-060,1.0
CASE-2025-0239,DOC-CASE-060,evidenceFrom,DOC-CASE-060,1.0
CASE-2025-0239,SYM-01,hasObservedSymptom,DOC-CASE-060,1.0
CASE-2025-0239,SYM-14,hasObservedSymptom,DOC-CASE-060,1.0
CASE-2025-0240,CROP-01,ofCrop,DOC-CASE-060,1.0
CASE-2025-0240,REG-05,observedIn,DOC-CASE-060,1.0
CASE-2025-0240,DIS-03,diagnosedAs,DOC-CASE-060,1.0
CASE-2025-0240,DOC-CASE-060,evidenceFrom,DOC-CASE-060,1.0
CASE-2025-0240,SYM-06,hasObservedSymptom,DOC-CASE-060,1.0
CASE-2025-0240,SYM-07,hasObservedSymptom,DOC-CASE-060,1.0
