id,label,type,name,description
CROP-01,大豆,Crop,大豆,本教学数据集中的唯一作物，用于保持本体简单并突出不同检索范式。
REG-01,六合区,Region,六合区,江苏省南京市六合区
REG-02,浦口区,Region,浦口区,江苏省南京市浦口区
REG-03,高淳区,Region,高淳区,江苏省南京市高淳区
REG-04,江宁区,Region,江宁区,江苏省南京市江宁区
REG-05,溧水区,Region,溧水区,江苏省南京市溧水区
SYM-01,褐色近圆形病斑,Symptom,褐色近圆形病斑,叶片表面形成褐色或棕褐色、轮廓近似圆形的病斑。
SYM-02,病斑边缘深褐,Symptom,病斑边缘深褐,病斑外围颜色明显深于中心区域。
SYM-03,叶片黄化,Symptom,叶片黄化,病斑周围或整片叶片出现黄化。
SYM-04,提前落叶,Symptom,提前落叶,病情发展后叶片早于正常时期脱落。
SYM-05,灰白中心紫褐边缘,Symptom,灰白中心紫褐边缘,病斑中央灰白，外围呈紫褐色。
SYM-06,角斑水渍状,Symptom,角斑水渍状,病斑初期呈水渍状，受叶脉限制后形成角形。
SYM-07,黄色晕圈,Symptom,黄色晕圈,病斑外侧出现黄色或黄绿色晕圈。
SYM-08,叶面淡黄斑,Symptom,叶面淡黄斑,叶片正面出现边界不十分清晰的淡黄色斑块。
SYM-09,叶背灰白霉层,Symptom,叶背灰白霉层,叶片背面对应病斑处可见灰白色霉层。
SYM-10,叶背褐色小疱,Symptom,叶背褐色小疱,叶背形成细小、隆起的褐色疱状结构。
SYM-11,粉末状孢子,Symptom,粉末状孢子,病部破裂后散出粉末状孢子。
SYM-12,黑褐色凹陷斑,Symptom,黑褐色凹陷斑,病部形成黑褐色、略凹陷的坏死斑。
SYM-13,茎荚条状病斑,Symptom,茎荚条状病斑,茎或豆荚表面形成条状或不规则病斑。
SYM-14,同心轮纹,Symptom,同心轮纹,病斑内部形成多层同心环状纹理。
SYM-15,茎基部暗褐变,Symptom,茎基部暗褐变,靠近地面的茎基部出现暗褐色变色。
SYM-16,根系腐烂萎蔫,Symptom,根系腐烂萎蔫,根系腐烂，地上部表现为失水和萎蔫。
DIS-01,大豆褐斑病,Disease,大豆褐斑病,主要侵染大豆叶片，典型记录为褐色近圆形病斑，病斑边缘颜色较深，严重时可引起黄化和提前落叶。
DIS-02,大豆灰斑病,Disease,大豆灰斑病,典型病斑中央灰白，外围常见紫褐色边缘，可伴随叶片黄化。
DIS-03,大豆细菌性斑点病,Disease,大豆细菌性斑点病,常表现为水渍状角斑，病斑外侧可出现黄色晕圈；少数模拟病例记录为近圆形褐斑，用作困难负例。
DIS-04,大豆霜霉病,Disease,大豆霜霉病,叶片正面出现淡黄斑，叶背对应区域形成灰白色霉层。
DIS-05,大豆锈病,Disease,大豆锈病,叶背出现褐色小疱，疱状结构破裂后可见粉末状孢子。
DIS-06,大豆炭疽病,Disease,大豆炭疽病,茎、叶柄或豆荚形成黑褐色凹陷斑和条状病斑。
DIS-07,大豆靶斑病,Disease,大豆靶斑病,可形成褐色近圆形病斑，但病斑内部更常出现明显同心轮纹，是与大豆褐斑病区分的重要关系。
DIS-08,大豆疫霉根腐病,Disease,大豆疫霉根腐病,主要表现为茎基部暗褐变、根系腐烂和植株萎蔫。
PST-01,教学药剂A（模拟）,Pesticide,教学药剂A（模拟）,保护性杀菌剂；模拟安全间隔期7天。
PST-02,教学药剂B（模拟）,Pesticide,教学药剂B（模拟）,内吸性杀菌剂；模拟安全间隔期14天。
PST-03,教学药剂C（模拟）,Pesticide,教学药剂C（模拟）,多位点作用杀菌剂；模拟安全间隔期21天。
PST-04,教学药剂D（模拟）,Pesticide,教学药剂D（模拟）,呼吸抑制型杀菌剂；模拟安全间隔期10天。
PST-05,教学药剂E（模拟）,Pesticide,教学药剂E（模拟）,保护性杀菌剂；模拟安全间隔期15天。
PST-06,教学药剂F（模拟）,Pesticide,教学药剂F（模拟）,内吸性杀菌剂；模拟安全间隔期7天。
PST-07,教学药剂G（模拟）,Pesticide,教学药剂G（模拟）,多位点作用杀菌剂；模拟安全间隔期14天。
PST-08,教学药剂H（模拟）,Pesticide,教学药剂H（模拟）,呼吸抑制型杀菌剂；模拟安全间隔期21天。
PST-09,教学药剂I（模拟）,Pesticide,教学药剂I（模拟）,保护性杀菌剂；模拟安全间隔期10天。
PST-10,教学药剂J（模拟）,Pesticide,教学药剂J（模拟）,内吸性杀菌剂；模拟安全间隔期28天。
PST-11,教学药剂K（模拟）,Pesticide,教学药剂K（模拟）,多位点作用杀菌剂；模拟安全间隔期12天。
PST-12,教学药剂L（模拟）,Pesticide,教学药剂L（模拟）,呼吸抑制型杀菌剂；模拟安全间隔期20天。
DOC-DIS-001,大豆褐斑病教学知识卡,Document,大豆褐斑病教学知识卡,"【病害定义】大豆褐斑病，别名包括褐斑病、Septoria叶斑。类别为真菌性叶部病害。主要侵染大豆叶片，典型记录为褐色近圆形病斑，病斑边缘颜色较深，严重时可引起黄化和提前落叶。

【典型症状】本教学本体将大豆褐斑病与褐色近圆形病斑、病斑边缘深褐、叶片黄化、提前落叶建立hasTypicalSymptom关系。这些关系用于图检索，不表示仅凭单一症状即可完成真实诊断。“褐色近圆形病斑”“棕褐色近圆斑”和“边缘较深、轮廓接近圆形的棕褐斑块”在本数据集中被设为同义表达。

【条件与处置】温暖、高湿且叶面持水时间较长的条件下记录较多。关联教学药剂为教学药剂A（模拟）、教学药剂B（模拟）、教学药剂C（模拟）。所有药剂字段均为模拟值，证据编号为DOC-DIS-001。"
DOC-DIS-002,大豆灰斑病教学知识卡,Document,大豆灰斑病教学知识卡,"【病害定义】大豆灰斑病，别名包括蛙眼叶斑病、灰斑病。类别为真菌性叶部病害。典型病斑中央灰白，外围常见紫褐色边缘，可伴随叶片黄化。

【典型症状】本教学本体将大豆灰斑病与灰白中心紫褐边缘、叶片黄化建立hasTypicalSymptom关系。这些关系用于图检索，不表示仅凭单一症状即可完成真实诊断。

【条件与处置】温暖潮湿条件下较易形成典型病斑。关联教学药剂为教学药剂D（模拟）、教学药剂B（模拟）、教学药剂E（模拟）。所有药剂字段均为模拟值，证据编号为DOC-DIS-002。"
DOC-DIS-003,大豆细菌性斑点病教学知识卡,Document,大豆细菌性斑点病教学知识卡,"【病害定义】大豆细菌性斑点病，别名包括细菌性叶斑、细菌性斑点。类别为细菌性叶部病害。常表现为水渍状角斑，病斑外侧可出现黄色晕圈；少数模拟病例记录为近圆形褐斑，用作困难负例。

【典型症状】本教学本体将大豆细菌性斑点病与角斑水渍状、黄色晕圈、叶片黄化建立hasTypicalSymptom关系。这些关系用于图检索，不表示仅凭单一症状即可完成真实诊断。

【条件与处置】降雨、风雨传播和叶面长时间湿润时记录增多。关联教学药剂为教学药剂F（模拟）、教学药剂G（模拟）、教学药剂H（模拟）。所有药剂字段均为模拟值，证据编号为DOC-DIS-003。"
DOC-DIS-004,大豆霜霉病教学知识卡,Document,大豆霜霉病教学知识卡,"【病害定义】大豆霜霉病，别名包括霜霉病。类别为卵菌性叶部病害。叶片正面出现淡黄斑，叶背对应区域形成灰白色霉层。

【典型症状】本教学本体将大豆霜霉病与叶面淡黄斑、叶背灰白霉层、叶片黄化建立hasTypicalSymptom关系。这些关系用于图检索，不表示仅凭单一症状即可完成真实诊断。

【条件与处置】凉爽、高湿条件下记录较多。关联教学药剂为教学药剂B（模拟）、教学药剂I（模拟）、教学药剂C（模拟）。所有药剂字段均为模拟值，证据编号为DOC-DIS-004。"
DOC-DIS-005,大豆锈病教学知识卡,Document,大豆锈病教学知识卡,"【病害定义】大豆锈病，别名包括锈病。类别为真菌性叶部病害。叶背出现褐色小疱，疱状结构破裂后可见粉末状孢子。

【典型症状】本教学本体将大豆锈病与叶背褐色小疱、粉末状孢子、叶片黄化建立hasTypicalSymptom关系。这些关系用于图检索，不表示仅凭单一症状即可完成真实诊断。

【条件与处置】温暖湿润且持续结露的条件下记录较多。关联教学药剂为教学药剂D（模拟）、教学药剂J（模拟）、教学药剂K（模拟）。所有药剂字段均为模拟值，证据编号为DOC-DIS-005。"
DOC-DIS-006,大豆炭疽病教学知识卡,Document,大豆炭疽病教学知识卡,"【病害定义】大豆炭疽病，别名包括炭疽病。类别为真菌性茎荚病害。茎、叶柄或豆荚形成黑褐色凹陷斑和条状病斑。

【典型症状】本教学本体将大豆炭疽病与黑褐色凹陷斑、茎荚条状病斑、叶片黄化建立hasTypicalSymptom关系。这些关系用于图检索，不表示仅凭单一症状即可完成真实诊断。

【条件与处置】高温、高湿和组织受伤条件下记录较多。关联教学药剂为教学药剂F（模拟）、教学药剂L（模拟）、教学药剂C（模拟）。所有药剂字段均为模拟值，证据编号为DOC-DIS-006。"
DOC-DIS-007,大豆靶斑病教学知识卡,Document,大豆靶斑病教学知识卡,"【病害定义】大豆靶斑病，别名包括靶斑病、轮纹叶斑。类别为真菌性叶部病害。可形成褐色近圆形病斑，但病斑内部更常出现明显同心轮纹，是与大豆褐斑病区分的重要关系。

【典型症状】本教学本体将大豆靶斑病与褐色近圆形病斑、同心轮纹、叶片黄化建立hasTypicalSymptom关系。这些关系用于图检索，不表示仅凭单一症状即可完成真实诊断。当同心轮纹明显时，图关系更偏向大豆靶斑病，而不是只依据“褐色圆斑”判断。

【条件与处置】温暖、高湿和冠层郁闭条件下记录较多。关联教学药剂为教学药剂I（模拟）、教学药剂K（模拟）、教学药剂E（模拟）。所有药剂字段均为模拟值，证据编号为DOC-DIS-007。"
DOC-DIS-008,大豆疫霉根腐病教学知识卡,Document,大豆疫霉根腐病教学知识卡,"【病害定义】大豆疫霉根腐病，别名包括疫霉根腐病、根腐病。类别为卵菌性根茎病害。主要表现为茎基部暗褐变、根系腐烂和植株萎蔫。

【典型症状】本教学本体将大豆疫霉根腐病与茎基部暗褐变、根系腐烂萎蔫建立hasTypicalSymptom关系。这些关系用于图检索，不表示仅凭单一症状即可完成真实诊断。

【条件与处置】土壤积水或排水不良条件下记录较多。关联教学药剂为教学药剂G（模拟）、教学药剂J（模拟）、教学药剂L（模拟）。所有药剂字段均为模拟值，证据编号为DOC-DIS-008。"
DOC-PST-001,教学药剂A（模拟）教学标签,Document,教学药剂A（模拟）教学标签,"【模拟标签】教学药剂A（模拟），活性成分字段为模拟活性成分A，作用类型为保护性杀菌剂。

【结构化属性】safeIntervalDays=7，关联病害为大豆褐斑病。仅供RAG教学演示；药剂名称、活性成分和安全间隔期均为模拟字段，不可用于真实生产。"
DOC-PST-002,教学药剂B（模拟）教学标签,Document,教学药剂B（模拟）教学标签,"【模拟标签】教学药剂B（模拟），活性成分字段为模拟活性成分B，作用类型为内吸性杀菌剂。

【结构化属性】safeIntervalDays=14，关联病害为大豆褐斑病、大豆灰斑病、大豆霜霉病。仅供RAG教学演示；药剂名称、活性成分和安全间隔期均为模拟字段，不可用于真实生产。"
DOC-PST-003,教学药剂C（模拟）教学标签,Document,教学药剂C（模拟）教学标签,"【模拟标签】教学药剂C（模拟），活性成分字段为模拟活性成分C，作用类型为多位点作用杀菌剂。

【结构化属性】safeIntervalDays=21，关联病害为大豆褐斑病、大豆霜霉病、大豆炭疽病。仅供RAG教学演示；药剂名称、活性成分和安全间隔期均为模拟字段，不可用于真实生产。"
DOC-PST-004,教学药剂D（模拟）教学标签,Document,教学药剂D（模拟）教学标签,"【模拟标签】教学药剂D（模拟），活性成分字段为模拟活性成分D，作用类型为呼吸抑制型杀菌剂。

【结构化属性】safeIntervalDays=10，关联病害为大豆灰斑病、大豆锈病。仅供RAG教学演示；药剂名称、活性成分和安全间隔期均为模拟字段，不可用于真实生产。"
DOC-PST-005,教学药剂E（模拟）教学标签,Document,教学药剂E（模拟）教学标签,"【模拟标签】教学药剂E（模拟），活性成分字段为模拟活性成分E，作用类型为保护性杀菌剂。

【结构化属性】safeIntervalDays=15，关联病害为大豆灰斑病、大豆靶斑病。仅供RAG教学演示；药剂名称、活性成分和安全间隔期均为模拟字段，不可用于真实生产。"
DOC-PST-006,教学药剂F（模拟）教学标签,Document,教学药剂F（模拟）教学标签,"【模拟标签】教学药剂F（模拟），活性成分字段为模拟活性成分F，作用类型为内吸性杀菌剂。

【结构化属性】safeIntervalDays=7，关联病害为大豆细菌性斑点病、大豆炭疽病。仅供RAG教学演示；药剂名称、活性成分和安全间隔期均为模拟字段，不可用于真实生产。"
DOC-PST-007,教学药剂G（模拟）教学标签,Document,教学药剂G（模拟）教学标签,"【模拟标签】教学药剂G（模拟），活性成分字段为模拟活性成分G，作用类型为多位点作用杀菌剂。

【结构化属性】safeIntervalDays=14，关联病害为大豆细菌性斑点病、大豆疫霉根腐病。仅供RAG教学演示；药剂名称、活性成分和安全间隔期均为模拟字段，不可用于真实生产。"
DOC-PST-008,教学药剂H（模拟）教学标签,Document,教学药剂H（模拟）教学标签,"【模拟标签】教学药剂H（模拟），活性成分字段为模拟活性成分H，作用类型为呼吸抑制型杀菌剂。

【结构化属性】safeIntervalDays=21，关联病害为大豆细菌性斑点病。仅供RAG教学演示；药剂名称、活性成分和安全间隔期均为模拟字段，不可用于真实生产。"
DOC-PST-009,教学药剂I（模拟）教学标签,Document,教学药剂I（模拟）教学标签,"【模拟标签】教学药剂I（模拟），活性成分字段为模拟活性成分I，作用类型为保护性杀菌剂。

【结构化属性】safeIntervalDays=10，关联病害为大豆霜霉病、大豆靶斑病。仅供RAG教学演示；药剂名称、活性成分和安全间隔期均为模拟字段，不可用于真实生产。"
DOC-PST-010,教学药剂J（模拟）教学标签,Document,教学药剂J（模拟）教学标签,"【模拟标签】教学药剂J（模拟），活性成分字段为模拟活性成分J，作用类型为内吸性杀菌剂。

【结构化属性】safeIntervalDays=28，关联病害为大豆锈病、大豆疫霉根腐病。仅供RAG教学演示；药剂名称、活性成分和安全间隔期均为模拟字段，不可用于真实生产。"
DOC-PST-011,教学药剂K（模拟）教学标签,Document,教学药剂K（模拟）教学标签,"【模拟标签】教学药剂K（模拟），活性成分字段为模拟活性成分K，作用类型为多位点作用杀菌剂。

【结构化属性】safeIntervalDays=12，关联病害为大豆锈病、大豆靶斑病。仅供RAG教学演示；药剂名称、活性成分和安全间隔期均为模拟字段，不可用于真实生产。"
DOC-PST-012,教学药剂L（模拟）教学标签,Document,教学药剂L（模拟）教学标签,"【模拟标签】教学药剂L（模拟），活性成分字段为模拟活性成分L，作用类型为呼吸抑制型杀菌剂。

【结构化属性】safeIntervalDays=20，关联病害为大豆炭疽病、大豆疫霉根腐病。仅供RAG教学演示；药剂名称、活性成分和安全间隔期均为模拟字段，不可用于真实生产。"
DOC-CASE-001,大豆田间病例记录第001组,Document,大豆田间病例记录第001组,"【田间记录A】调查范围：六合区。2025-07-01在六合区记录一例大豆叶部或根茎异常。现场观察为棕褐色近圆斑，并伴有深褐色边界，并伴有叶片黄化，并伴有早期落叶，病情评定为中度。记录时温度29.2℃、相对湿度89%。教学标注诊断为大豆褐斑病。 2025-07-04在六合区记录一例大豆叶部或根茎异常。现场观察为边缘颜色较深、轮廓接近圆形的棕褐斑块，并伴有病斑边缘深褐，并伴有叶片发黄，并伴有叶片提前脱落，病情评定为中度。记录时温度28.8℃、相对湿度87%。教学标注诊断为大豆褐斑病。

【田间记录B】2025-07-07在六合区记录一例大豆叶部或根茎异常。现场观察为褐色近圆形病斑，并伴有病斑边缘颜色较深，并伴有叶色变黄，并伴有提前落叶，病情评定为较重。记录时温度28.2℃、相对湿度85%。教学标注诊断为大豆褐斑病。 2025-07-10在六合区记录一例大豆叶部或根茎异常。现场观察为棕褐色近圆斑，并伴有深褐色边界，并伴有叶片黄化，并伴有早期落叶，病情评定为轻度。记录时温度27.8℃、相对湿度83%。教学标注诊断为大豆褐斑病。

【记录说明】以上病例均为教学模拟记录。本组诊断分布为大豆褐斑病4例。原始症状表达、标准症状编号和诊断编号同时保留，用于比较关键词检索、语义检索和结构化查询。"
DOC-CASE-002,大豆田间病例记录第002组,Document,大豆田间病例记录第002组,"【田间记录A】调查范围：六合区。2025-07-13在六合区记录一例大豆叶部或根茎异常。现场观察为边缘颜色较深、轮廓接近圆形的棕褐斑块，并伴有病斑边缘深褐，并伴有叶片发黄，并伴有叶片提前脱落，病情评定为中度。记录时温度27.2℃、相对湿度90%。教学标注诊断为大豆褐斑病。 2025-07-16在六合区记录一例大豆叶部或根茎异常。现场观察为褐色近圆形病斑，并伴有病斑边缘颜色较深，并伴有叶色变黄，并伴有提前落叶，病情评定为中度。记录时温度26.8℃、相对湿度88%。教学标注诊断为大豆褐斑病。

【田间记录B】2025-07-19在六合区记录一例大豆叶部或根茎异常。现场观察为棕褐色近圆斑，并伴有深褐色边界，并伴有叶片黄化，并伴有早期落叶，病情评定为较重。记录时温度29.5℃、相对湿度86%。教学标注诊断为大豆褐斑病。 2025-07-22在六合区记录一例大豆叶部或根茎异常。现场观察为边缘颜色较深、轮廓接近圆形的棕褐斑块，并伴有病斑边缘深褐，并伴有叶片发黄，病情评定为轻度。记录时温度29.0℃、相对湿度84%。教学标注诊断为大豆褐斑病。

【记录说明】以上病例均为教学模拟记录。本组诊断分布为大豆褐斑病4例。原始症状表达、标准症状编号和诊断编号同时保留，用于比较关键词检索、语义检索和结构化查询。"
DOC-CASE-003,大豆田间病例记录第003组,Document,大豆田间病例记录第003组,"【田间记录A】调查范围：六合区。2025-07-25在六合区记录一例大豆叶部或根茎异常。现场观察为褐色近圆形病斑，并伴有病斑边缘颜色较深，并伴有叶色变黄，病情评定为中度。记录时温度28.5℃、相对湿度82%。教学标注诊断为大豆褐斑病。 2025-07-28在六合区记录一例大豆叶部或根茎异常。现场观察为棕褐色近圆斑，并伴有深褐色边界，并伴有叶片黄化，病情评定为中度。记录时温度28.0℃、相对湿度89%。教学标注诊断为大豆褐斑病。

【田间记录B】2025-07-03在六合区记录一例大豆叶部或根茎异常。现场观察为边缘颜色较深、轮廓接近圆形的棕褐斑块，并伴有病斑边缘深褐，并伴有叶片发黄，病情评定为较重。记录时温度27.5℃、相对湿度87%。教学标注诊断为大豆褐斑病。 2025-07-06在六合区记录一例大豆叶部或根茎异常。现场观察为褐色近圆形病斑，并伴有病斑边缘颜色较深，病情评定为轻度。记录时温度27.0℃、相对湿度85%。教学标注诊断为大豆褐斑病。

【记录说明】以上病例均为教学模拟记录。本组诊断分布为大豆褐斑病4例。原始症状表达、标准症状编号和诊断编号同时保留，用于比较关键词检索、语义检索和结构化查询。"
DOC-CASE-004,大豆田间病例记录第004组,Document,大豆田间病例记录第004组,"【田间记录A】调查范围：六合区。2025-07-09在六合区记录一例大豆叶部或根茎异常。现场观察为棕褐色近圆斑，并伴有深褐色边界，病情评定为中度。记录时温度26.5℃、相对湿度83%。教学标注诊断为大豆褐斑病。 2025-07-12在六合区记录一例大豆叶部或根茎异常。现场观察为边缘颜色较深、轮廓接近圆形的棕褐斑块，病情评定为中度。记录时温度29.2℃、相对湿度90%。教学标注诊断为大豆褐斑病。

【田间记录B】2025-07-15在六合区记录一例大豆叶部或根茎异常。现场观察为褐色近圆形病斑，病情评定为较重。记录时温度28.8℃、相对湿度88%。教学标注诊断为大豆褐斑病。 2025-07-18在六合区记录一例大豆叶部或根茎异常。现场观察为棕褐色近圆斑，病情评定为轻度。记录时温度28.2℃、相对湿度86%。教学标注诊断为大豆褐斑病。

【记录说明】以上病例均为教学模拟记录。本组诊断分布为大豆褐斑病4例。原始症状表达、标准症状编号和诊断编号同时保留，用于比较关键词检索、语义检索和结构化查询。"
DOC-CASE-005,大豆田间病例记录第005组,Document,大豆田间病例记录第005组,"【田间记录A】调查范围：六合区。2025-07-21在六合区记录一例大豆叶部或根茎异常。现场观察为边缘颜色较深、轮廓接近圆形的棕褐斑块，病情评定为中度。记录时温度27.8℃、相对湿度84%。教学标注诊断为大豆褐斑病。 2025-07-24在六合区记录一例大豆叶部或根茎异常。现场观察为褐色近圆形病斑，病情评定为中度。记录时温度27.2℃、相对湿度82%。教学标注诊断为大豆褐斑病。

【田间记录B】2025-07-02在六合区记录一例大豆叶部或根茎异常。现场观察为棕褐色近圆斑，并伴有同心环纹，并伴有叶片黄化，病情评定为较重。记录时温度26.8℃、相对湿度88%。教学标注诊断为大豆靶斑病。 2025-07-08在六合区记录一例大豆叶部或根茎异常。现场观察为边缘颜色较深、轮廓接近圆形的棕褐斑块，并伴有同心轮纹，并伴有叶片发黄，病情评定为轻度。记录时温度29.5℃、相对湿度86%。教学标注诊断为大豆靶斑病。

【记录说明】以上病例均为教学模拟记录。本组诊断分布为大豆褐斑病2例、大豆靶斑病2例。原始症状表达、标准症状编号和诊断编号同时保留，用于比较关键词检索、语义检索和结构化查询。"
DOC-CASE-006,大豆田间病例记录第006组,Document,大豆田间病例记录第006组,"【田间记录A】调查范围：六合区。2025-07-14在六合区记录一例大豆叶部或根茎异常。现场观察为褐色近圆形病斑，并伴有靶纹，病情评定为中度。记录时温度29.0℃、相对湿度84%。教学标注诊断为大豆靶斑病。 2025-07-20在六合区记录一例大豆叶部或根茎异常。现场观察为棕褐色近圆斑，并伴有同心环纹，病情评定为中度。记录时温度28.5℃、相对湿度82%。教学标注诊断为大豆靶斑病。

【田间记录B】2025-07-05在六合区记录一例大豆叶部或根茎异常。现场观察为边缘颜色较深、轮廓接近圆形的棕褐斑块，并伴有角斑水渍状，并伴有黄绿色晕圈，病情评定为较重。记录时温度28.0℃、相对湿度93%。教学标注诊断为大豆细菌性斑点病。 2025-07-18在六合区记录一例大豆叶部或根茎异常。现场观察为褐色近圆形病斑，并伴有水渍状角斑，并伴有病斑外缘黄晕，病情评定为轻度。记录时温度27.5℃、相对湿度91%。教学标注诊断为大豆细菌性斑点病。

【记录说明】以上病例均为教学模拟记录。本组诊断分布为大豆靶斑病2例、大豆细菌性斑点病2例。原始症状表达、标准症状编号和诊断编号同时保留，用于比较关键词检索、语义检索和结构化查询。"
DOC-CASE-007,大豆田间病例记录第007组,Document,大豆田间病例记录第007组,"【田间记录A】调查范围：六合区。2025-07-04在六合区记录一例大豆叶部或根茎异常。现场观察为灰白斑心，并伴有叶色变黄，病情评定为中度。记录时温度27.0℃、相对湿度82%。教学标注诊断为大豆灰斑病。 2025-07-09在六合区记录一例大豆叶部或根茎异常。现场观察为叶面黄斑，并伴有叶背灰白霉层，病情评定为中度。记录时温度26.5℃、相对湿度89%。教学标注诊断为大豆霜霉病。

【田间记录B】2025-07-14在六合区记录一例大豆叶部或根茎异常。现场观察为叶背褐色小疱，并伴有粉末状物，病情评定为较重。记录时温度29.2℃、相对湿度83%。教学标注诊断为大豆锈病。 2025-07-19在六合区记录一例大豆叶部或根茎异常。现场观察为凹陷坏死斑，并伴有豆荚条形病斑，病情评定为轻度。记录时温度28.8℃、相对湿度91%。教学标注诊断为大豆炭疽病。

【记录说明】以上病例均为教学模拟记录。本组诊断分布为大豆灰斑病1例、大豆霜霉病1例、大豆锈病1例、大豆炭疽病1例。原始症状表达、标准症状编号和诊断编号同时保留，用于比较关键词检索、语义检索和结构化查询。"
DOC-CASE-008,大豆田间病例记录第008组,Document,大豆田间病例记录第008组,"【田间记录A】调查范围：六合区。2025-07-24在六合区记录一例大豆叶部或根茎异常。现场观察为近地面茎部变暗，并伴有根系腐烂萎蔫，病情评定为中度。记录时温度28.2℃、相对湿度93%。教学标注诊断为大豆疫霉根腐病。 2025-07-01在六合区记录一例大豆叶部或根茎异常。现场观察为灰白中心紫褐边缘，并伴有叶片发黄，病情评定为中度。记录时温度27.8℃、相对湿度81%。教学标注诊断为大豆灰斑病。

【田间记录B】2025-07-06在六合区记录一例大豆叶部或根茎异常。现场观察为叶片淡黄色斑块，并伴有灰白色霉状物，病情评定为较重。记录时温度27.2℃、相对湿度88%。教学标注诊断为大豆霜霉病。 2025-07-11在六合区记录一例大豆叶部或根茎异常。现场观察为叶背小疱斑，并伴有粉末状孢子，病情评定为轻度。记录时温度26.8℃、相对湿度91%。教学标注诊断为大豆锈病。

【记录说明】以上病例均为教学模拟记录。本组诊断分布为大豆疫霉根腐病1例、大豆灰斑病1例、大豆霜霉病1例、大豆锈病1例。原始症状表达、标准症状编号和诊断编号同时保留，用于比较关键词检索、语义检索和结构化查询。"
DOC-CASE-009,大豆田间病例记录第009组,Document,大豆田间病例记录第009组,"【田间记录A】调查范围：六合区。2025-07-16在六合区记录一例大豆叶部或根茎异常。现场观察为黑褐色凹陷斑，并伴有茎部条斑，病情评定为中度。记录时温度29.5℃、相对湿度90%。教学标注诊断为大豆炭疽病。 2025-07-21在六合区记录一例大豆叶部或根茎异常。现场观察为茎基部褐变，并伴有植株萎蔫，病情评定为中度。记录时温度29.0℃、相对湿度92%。教学标注诊断为大豆疫霉根腐病。

【田间记录B】2025-07-26在六合区记录一例大豆叶部或根茎异常。现场观察为紫褐色斑缘，并伴有叶片黄化，病情评定为较重。记录时温度28.5℃、相对湿度80%。教学标注诊断为大豆灰斑病。 2025-07-03在六合区记录一例大豆叶部或根茎异常。现场观察为叶面淡黄斑，并伴有叶背霉层，病情评定为轻度。记录时温度28.0℃、相对湿度87%。教学标注诊断为大豆霜霉病。

【记录说明】以上病例均为教学模拟记录。本组诊断分布为大豆炭疽病1例、大豆疫霉根腐病1例、大豆灰斑病1例、大豆霜霉病1例。原始症状表达、标准症状编号和诊断编号同时保留，用于比较关键词检索、语义检索和结构化查询。"
DOC-CASE-010,大豆田间病例记录第010组,Document,大豆田间病例记录第010组,"【田间记录A】调查范围：六合区。2025-07-08在六合区记录一例大豆叶部或根茎异常。现场观察为褐色孢子堆，并伴有孢子粉，病情评定为中度。记录时温度27.5℃、相对湿度90%。教学标注诊断为大豆锈病。 2025-07-13在六合区记录一例大豆叶部或根茎异常。现场观察为黑褐色下陷病斑，并伴有茎荚条状病斑，病情评定为中度。记录时温度27.0℃、相对湿度89%。教学标注诊断为大豆炭疽病。

【田间记录B】2025-07-18在六合区记录一例大豆叶部或根茎异常。现场观察为茎基部暗褐变，并伴有根腐，病情评定为较重。记录时温度26.5℃、相对湿度91%。教学标注诊断为大豆疫霉根腐病。 2025-07-23在六合区记录一例大豆叶部或根茎异常。现场观察为灰白斑心，并伴有叶色变黄，病情评定为轻度。记录时温度29.2℃、相对湿度79%。教学标注诊断为大豆灰斑病。

【记录说明】以上病例均为教学模拟记录。本组诊断分布为大豆锈病1例、大豆炭疽病1例、大豆疫霉根腐病1例、大豆灰斑病1例。原始症状表达、标准症状编号和诊断编号同时保留，用于比较关键词检索、语义检索和结构化查询。"
DOC-CASE-011,大豆田间病例记录第011组,Document,大豆田间病例记录第011组,"【田间记录A】调查范围：六合区、江宁区、浦口区、高淳区。2025-05-01在六合区记录一例大豆叶部或根茎异常。现场观察为黑褐色下陷病斑，并伴有茎荚条状病斑，并伴有叶片发黄，病情评定为中度。记录时温度23.8℃、相对湿度92%。教学标注诊断为大豆炭疽病。 2025-05-11在浦口区记录一例大豆叶部或根茎异常。现场观察为灰白中心紫褐边缘，并伴有叶片发黄，病情评定为中度。记录时温度23.2℃、相对湿度84%。教学标注诊断为大豆灰斑病。

【田间记录B】2025-05-21在高淳区记录一例大豆叶部或根茎异常。现场观察为凹陷坏死斑，并伴有豆荚条形病斑，病情评定为较重。记录时温度22.8℃、相对湿度88%。教学标注诊断为大豆炭疽病。 2025-05-03在江宁区记录一例大豆叶部或根茎异常。现场观察为紫褐色斑缘，并伴有叶片黄化，病情评定为轻度。记录时温度22.2℃、相对湿度80%。教学标注诊断为大豆灰斑病。

【记录说明】以上病例均为教学模拟记录。本组诊断分布为大豆炭疽病2例、大豆灰斑病2例。原始症状表达、标准症状编号和诊断编号同时保留，用于比较关键词检索、语义检索和结构化查询。"
DOC-CASE-012,大豆田间病例记录第012组,Document,大豆田间病例记录第012组,"【田间记录A】调查范围：六合区、浦口区、溧水区、高淳区。2025-05-13在溧水区记录一例大豆叶部或根茎异常。现场观察为黑褐色凹陷斑，并伴有茎部条斑，并伴有叶色变黄，病情评定为中度。记录时温度21.8℃、相对湿度84%。教学标注诊断为大豆炭疽病。 2025-06-08在六合区记录一例大豆叶部或根茎异常。现场观察为凹陷坏死斑，并伴有豆荚条形病斑，病情评定为中度。记录时温度27.5℃、相对湿度91%。教学标注诊断为大豆炭疽病。

【田间记录B】2025-06-18在浦口区记录一例大豆叶部或根茎异常。现场观察为紫褐色斑缘，并伴有叶片黄化，病情评定为较重。记录时温度27.0℃、相对湿度83%。教学标注诊断为大豆灰斑病。 2025-06-28在高淳区记录一例大豆叶部或根茎异常。现场观察为黑褐色凹陷斑，并伴有茎部条斑，病情评定为轻度。记录时温度26.5℃、相对湿度87%。教学标注诊断为大豆炭疽病。

【记录说明】以上病例均为教学模拟记录。本组诊断分布为大豆炭疽病3例、大豆灰斑病1例。原始症状表达、标准症状编号和诊断编号同时保留，用于比较关键词检索、语义检索和结构化查询。"
DOC-CASE-013,大豆田间病例记录第013组,Document,大豆田间病例记录第013组,"【田间记录A】调查范围：六合区、江宁区、浦口区、溧水区。2025-06-10在江宁区记录一例大豆叶部或根茎异常。现场观察为灰白斑心，并伴有叶色变黄，病情评定为中度。记录时温度26.0℃、相对湿度79%。教学标注诊断为大豆灰斑病。 2025-06-20在溧水区记录一例大豆叶部或根茎异常。现场观察为黑褐色下陷病斑，并伴有茎荚条状病斑，病情评定为中度。记录时温度25.5℃、相对湿度92%。教学标注诊断为大豆炭疽病。

【田间记录B】2025-08-15在六合区记录一例大豆叶部或根茎异常。现场观察为褐色近圆形病斑，并伴有靶纹，病情评定为较重。记录时温度28.0℃、相对湿度87%。教学标注诊断为大豆靶斑病。 2025-07-25在浦口区记录一例大豆叶部或根茎异常。现场观察为灰白斑心，并伴有叶色变黄，病情评定为轻度。记录时温度26.5℃、相对湿度82%。教学标注诊断为大豆灰斑病。

【记录说明】以上病例均为教学模拟记录。本组诊断分布为大豆灰斑病2例、大豆炭疽病1例、大豆靶斑病1例。原始症状表达、标准症状编号和诊断编号同时保留，用于比较关键词检索、语义检索和结构化查询。"
DOC-CASE-014,大豆田间病例记录第014组,Document,大豆田间病例记录第014组,"【田间记录A】调查范围：六合区、江宁区、溧水区、高淳区。2025-07-07在高淳区记录一例大豆叶部或根茎异常。现场观察为黑褐色下陷病斑，并伴有茎荚条状病斑，并伴有叶片发黄，病情评定为中度。记录时温度29.2℃、相对湿度86%。教学标注诊断为大豆炭疽病。 2025-07-17在江宁区记录一例大豆叶部或根茎异常。现场观察为灰白中心紫褐边缘，并伴有叶片发黄，病情评定为中度。记录时温度28.8℃、相对湿度78%。教学标注诊断为大豆灰斑病。

【田间记录B】2025-07-27在溧水区记录一例大豆叶部或根茎异常。现场观察为凹陷坏死斑，并伴有豆荚条形病斑，病情评定为较重。记录时温度28.2℃、相对湿度91%。教学标注诊断为大豆炭疽病。 2025-09-22在六合区记录一例大豆叶部或根茎异常。现场观察为边缘颜色较深、轮廓接近圆形的棕褐斑块，并伴有同心轮纹，病情评定为轻度。记录时温度24.8℃、相对湿度86%。教学标注诊断为大豆靶斑病。

【记录说明】以上病例均为教学模拟记录。本组诊断分布为大豆炭疽病2例、大豆灰斑病1例、大豆靶斑病1例。原始症状表达、标准症状编号和诊断编号同时保留，用于比较关键词检索、语义检索和结构化查询。"
DOC-CASE-015,大豆田间病例记录第015组,Document,大豆田间病例记录第015组,"【田间记录A】调查范围：江宁区、浦口区、溧水区、高淳区。2025-08-04在浦口区记录一例大豆叶部或根茎异常。现场观察为灰白中心紫褐边缘，并伴有叶片发黄，病情评定为中度。记录时温度28.2℃、相对湿度81%。教学标注诊断为大豆灰斑病。 2025-08-14在高淳区记录一例大豆叶部或根茎异常。现场观察为凹陷坏死斑，并伴有豆荚条形病斑，病情评定为中度。记录时温度27.8℃、相对湿度85%。教学标注诊断为大豆炭疽病。

【田间记录B】2025-08-24在江宁区记录一例大豆叶部或根茎异常。现场观察为紫褐色斑缘，并伴有叶片黄化，病情评定为较重。记录时温度30.5℃、相对湿度86%。教学标注诊断为大豆灰斑病。 2025-08-06在溧水区记录一例大豆叶部或根茎异常。现场观察为黑褐色凹陷斑，并伴有茎部条斑，病情评定为轻度。记录时温度30.0℃、相对湿度90%。教学标注诊断为大豆炭疽病。

【记录说明】以上病例均为教学模拟记录。本组诊断分布为大豆灰斑病2例、大豆炭疽病2例。原始症状表达、标准症状编号和诊断编号同时保留，用于比较关键词检索、语义检索和结构化查询。"
DOC-CASE-016,大豆田间病例记录第016组,Document,大豆田间病例记录第016组,"【田间记录A】调查范围：六合区、江宁区、浦口区、高淳区。2025-05-01在六合区记录一例大豆叶部或根茎异常。现场观察为灰白斑心，并伴有叶色变黄，病情评定为中度。记录时温度23.5℃、相对湿度82%。教学标注诊断为大豆灰斑病。 2025-09-11在浦口区记录一例大豆叶部或根茎异常。现场观察为紫褐色斑缘，并伴有叶片黄化，病情评定为中度。记录时温度25.0℃、相对湿度80%。教学标注诊断为大豆灰斑病。

【田间记录B】2025-09-21在高淳区记录一例大豆叶部或根茎异常。现场观察为黑褐色凹陷斑，并伴有茎部条斑，病情评定为较重。记录时温度24.5℃、相对湿度84%。教学标注诊断为大豆炭疽病。 2025-09-03在江宁区记录一例大豆叶部或根茎异常。现场观察为灰白斑心，并伴有叶色变黄，病情评定为轻度。记录时温度24.0℃、相对湿度85%。教学标注诊断为大豆灰斑病。

【记录说明】以上病例均为教学模拟记录。本组诊断分布为大豆灰斑病3例、大豆炭疽病1例。原始症状表达、标准症状编号和诊断编号同时保留，用于比较关键词检索、语义检索和结构化查询。"
DOC-CASE-017,大豆田间病例记录第017组,Document,大豆田间病例记录第017组,"【田间记录A】调查范围：六合区、浦口区、溧水区、高淳区。2025-09-13在溧水区记录一例大豆叶部或根茎异常。现场观察为黑褐色下陷病斑，并伴有茎荚条状病斑，并伴有叶片发黄，病情评定为中度。记录时温度23.5℃、相对湿度89%。教学标注诊断为大豆炭疽病。 2025-06-08在六合区记录一例大豆叶部或根茎异常。现场观察为灰白中心紫褐边缘，并伴有叶片发黄，病情评定为中度。记录时温度27.2℃、相对湿度81%。教学标注诊断为大豆灰斑病。

【田间记录B】2025-05-18在浦口区记录一例大豆叶部或根茎异常。现场观察为褐色孢子堆，并伴有孢子粉，病情评定为较重。记录时温度23.8℃、相对湿度84%。教学标注诊断为大豆锈病。 2025-05-28在高淳区记录一例大豆叶部或根茎异常。现场观察为边缘颜色较深、轮廓接近圆形的棕褐斑块，并伴有病斑边缘深褐，病情评定为轻度。记录时温度23.2℃、相对湿度90%。教学标注诊断为大豆褐斑病。

【记录说明】以上病例均为教学模拟记录。本组诊断分布为大豆炭疽病1例、大豆灰斑病1例、大豆锈病1例、大豆褐斑病1例。原始症状表达、标准症状编号和诊断编号同时保留，用于比较关键词检索、语义检索和结构化查询。"
DOC-CASE-018,大豆田间病例记录第018组,Document,大豆田间病例记录第018组,"【田间记录A】调查范围：六合区、江宁区、浦口区、溧水区。2025-05-10在江宁区记录一例大豆叶部或根茎异常。现场观察为叶背褐色小疱，并伴有粉末状物，并伴有叶色变黄，病情评定为中度。记录时温度22.8℃、相对湿度89%。教学标注诊断为大豆锈病。 2025-05-20在溧水区记录一例大豆叶部或根茎异常。现场观察为棕褐色近圆斑，并伴有深褐色边界，病情评定为中度。记录时温度22.2℃、相对湿度86%。教学标注诊断为大豆褐斑病。

【田间记录B】2025-08-15在六合区记录一例大豆叶部或根茎异常。现场观察为受叶脉限制的角形斑，并伴有黄色晕圈，病情评定为较重。记录时温度27.8℃、相对湿度87%。教学标注诊断为大豆细菌性斑点病。 2025-06-25在浦口区记录一例大豆叶部或根茎异常。现场观察为叶背褐色小疱，并伴有粉末状物，病情评定为轻度。记录时温度27.5℃、相对湿度83%。教学标注诊断为大豆锈病。

【记录说明】以上病例均为教学模拟记录。本组诊断分布为大豆锈病2例、大豆褐斑病1例、大豆细菌性斑点病1例。原始症状表达、标准症状编号和诊断编号同时保留，用于比较关键词检索、语义检索和结构化查询。"
DOC-CASE-019,大豆田间病例记录第019组,Document,大豆田间病例记录第019组,"【田间记录A】调查范围：六合区、江宁区、溧水区、高淳区。2025-06-07在高淳区记录一例大豆叶部或根茎异常。现场观察为棕褐色近圆斑，并伴有深褐色边界，并伴有叶片黄化，病情评定为中度。记录时温度27.0℃、相对湿度89%。教学标注诊断为大豆褐斑病。 2025-06-17在江宁区记录一例大豆叶部或根茎异常。现场观察为叶背小疱斑，并伴有粉末状孢子，病情评定为中度。记录时温度26.5℃、相对湿度88%。教学标注诊断为大豆锈病。

【田间记录B】2025-06-27在溧水区记录一例大豆叶部或根茎异常。现场观察为褐色近圆形病斑，并伴有病斑边缘颜色较深，病情评定为较重。记录时温度26.0℃、相对湿度85%。教学标注诊断为大豆褐斑病。 2025-09-22在六合区记录一例大豆叶部或根茎异常。现场观察为水渍状角斑，并伴有病斑外缘黄晕，病情评定为轻度。记录时温度24.5℃、相对湿度86%。教学标注诊断为大豆细菌性斑点病。

【记录说明】以上病例均为教学模拟记录。本组诊断分布为大豆褐斑病2例、大豆锈病1例、大豆细菌性斑点病1例。原始症状表达、标准症状编号和诊断编号同时保留，用于比较关键词检索、语义检索和结构化查询。"
DOC-CASE-020,大豆田间病例记录第020组,Document,大豆田间病例记录第020组,"【田间记录A】调查范围：江宁区、浦口区、溧水区、高淳区。2025-07-04在浦口区记录一例大豆叶部或根茎异常。现场观察为叶背小疱斑，并伴有粉末状孢子，并伴有叶片发黄，病情评定为中度。记录时温度27.0℃、相对湿度91%。教学标注诊断为大豆锈病。 2025-07-14在高淳区记录一例大豆叶部或根茎异常。现场观察为褐色近圆形病斑，并伴有病斑边缘颜色较深，病情评定为中度。记录时温度26.5℃、相对湿度88%。教学标注诊断为大豆褐斑病。

【田间记录B】2025-07-24在江宁区记录一例大豆叶部或根茎异常。现场观察为褐色孢子堆，并伴有孢子粉，病情评定为较重。记录时温度29.2℃、相对湿度87%。教学标注诊断为大豆锈病。 2025-07-06在溧水区记录一例大豆叶部或根茎异常。现场观察为边缘颜色较深、轮廓接近圆形的棕褐斑块，并伴有病斑边缘深褐，病情评定为轻度。记录时温度28.8℃、相对湿度84%。教学标注诊断为大豆褐斑病。

【记录说明】以上病例均为教学模拟记录。本组诊断分布为大豆锈病2例、大豆褐斑病2例。原始症状表达、标准症状编号和诊断编号同时保留，用于比较关键词检索、语义检索和结构化查询。"
DOC-CASE-021,大豆田间病例记录第021组,Document,大豆田间病例记录第021组,"【田间记录A】调查范围：六合区、江宁区、浦口区、高淳区。2025-05-01在六合区记录一例大豆叶部或根茎异常。现场观察为黑褐色凹陷斑，并伴有茎部条斑，并伴有叶色变黄，病情评定为中度。记录时温度23.2℃、相对湿度84%。教学标注诊断为大豆炭疽病。 2025-08-11在浦口区记录一例大豆叶部或根茎异常。现场观察为褐色孢子堆，并伴有孢子粉，病情评定为中度。记录时温度28.8℃、相对湿度90%。教学标注诊断为大豆锈病。

【田间记录B】2025-08-21在高淳区记录一例大豆叶部或根茎异常。现场观察为边缘颜色较深、轮廓接近圆形的棕褐斑块，并伴有病斑边缘深褐，病情评定为较重。记录时温度28.2℃、相对湿度87%。教学标注诊断为大豆褐斑病。 2025-08-03在江宁区记录一例大豆叶部或根茎异常。现场观察为叶背褐色小疱，并伴有粉末状物，病情评定为轻度。记录时温度27.8℃、相对湿度86%。教学标注诊断为大豆锈病。

【记录说明】以上病例均为教学模拟记录。本组诊断分布为大豆锈病2例、大豆炭疽病1例、大豆褐斑病1例。原始症状表达、标准症状编号和诊断编号同时保留，用于比较关键词检索、语义检索和结构化查询。"
DOC-CASE-022,大豆田间病例记录第022组,Document,大豆田间病例记录第022组,"【田间记录A】调查范围：六合区、浦口区、溧水区、高淳区。2025-08-13在溧水区记录一例大豆叶部或根茎异常。现场观察为棕褐色近圆斑，并伴有深褐色边界，并伴有叶片黄化，病情评定为中度。记录时温度30.5℃、相对湿度83%。教学标注诊断为大豆褐斑病。 2025-06-08在六合区记录一例大豆叶部或根茎异常。现场观察为黑褐色下陷病斑，并伴有茎荚条状病斑，病情评定为中度。记录时温度27.0℃、相对湿度92%。教学标注诊断为大豆炭疽病。

【田间记录B】2025-09-18在浦口区记录一例大豆叶部或根茎异常。现场观察为叶背褐色小疱，并伴有粉末状物，病情评定为较重。记录时温度25.5℃、相对湿度89%。教学标注诊断为大豆锈病。 2025-09-28在高淳区记录一例大豆叶部或根茎异常。现场观察为棕褐色近圆斑，并伴有深褐色边界，病情评定为轻度。记录时温度25.0℃、相对湿度86%。教学标注诊断为大豆褐斑病。

【记录说明】以上病例均为教学模拟记录。本组诊断分布为大豆褐斑病2例、大豆炭疽病1例、大豆锈病1例。原始症状表达、标准症状编号和诊断编号同时保留，用于比较关键词检索、语义检索和结构化查询。"
DOC-CASE-023,大豆田间病例记录第023组,Document,大豆田间病例记录第023组,"【田间记录A】调查范围：六合区、江宁区、浦口区、溧水区。2025-09-10在江宁区记录一例大豆叶部或根茎异常。现场观察为叶背小疱斑，并伴有粉末状孢子，并伴有叶片发黄，病情评定为中度。记录时温度24.5℃、相对湿度85%。教学标注诊断为大豆锈病。 2025-09-20在溧水区记录一例大豆叶部或根茎异常。现场观察为褐色近圆形病斑，并伴有病斑边缘颜色较深，病情评定为中度。记录时温度24.0℃、相对湿度82%。教学标注诊断为大豆褐斑病。

【田间记录B】2025-08-15在六合区记录一例大豆叶部或根茎异常。现场观察为棕褐色近圆斑，并伴有同心环纹，病情评定为较重。记录时温度27.5℃、相对湿度88%。教学标注诊断为大豆靶斑病。 2025-05-25在浦口区记录一例大豆叶部或根茎异常。现场观察为近地面茎部变暗，并伴有根系腐烂萎蔫，病情评定为轻度。记录时温度24.2℃、相对湿度93%。教学标注诊断为大豆疫霉根腐病。

【记录说明】以上病例均为教学模拟记录。本组诊断分布为大豆锈病1例、大豆褐斑病1例、大豆靶斑病1例、大豆疫霉根腐病1例。原始症状表达、标准症状编号和诊断编号同时保留，用于比较关键词检索、语义检索和结构化查询。"
DOC-CASE-024,大豆田间病例记录第024组,Document,大豆田间病例记录第024组,"【田间记录A】调查范围：六合区、江宁区、溧水区、高淳区。2025-05-07在高淳区记录一例大豆叶部或根茎异常。现场观察为叶面淡黄斑，并伴有叶背霉层，并伴有叶色变黄，病情评定为中度。记录时温度23.8℃、相对湿度90%。教学标注诊断为大豆霜霉病。 2025-05-17在江宁区记录一例大豆叶部或根茎异常。现场观察为茎基部褐变，并伴有植株萎蔫，病情评定为中度。记录时温度23.2℃、相对湿度89%。教学标注诊断为大豆疫霉根腐病。

【田间记录B】2025-05-27在溧水区记录一例大豆叶部或根茎异常。现场观察为叶面黄斑，并伴有叶背灰白霉层，病情评定为较重。记录时温度22.8℃、相对湿度95%。教学标注诊断为大豆霜霉病。 2025-09-22在六合区记录一例大豆叶部或根茎异常。现场观察为褐色近圆形病斑，并伴有靶纹，病情评定为轻度。记录时温度24.2℃、相对湿度87%。教学标注诊断为大豆靶斑病。

【记录说明】以上病例均为教学模拟记录。本组诊断分布为大豆霜霉病2例、大豆疫霉根腐病1例、大豆靶斑病1例。原始症状表达、标准症状编号和诊断编号同时保留，用于比较关键词检索、语义检索和结构化查询。"
DOC-CASE-025,大豆田间病例记录第025组,Document,大豆田间病例记录第025组,"【田间记录A】调查范围：江宁区、浦口区、溧水区、高淳区。2025-06-04在浦口区记录一例大豆叶部或根茎异常。现场观察为茎基部褐变，并伴有植株萎蔫，病情评定为中度。记录时温度24.8℃、相对湿度92%。教学标注诊断为大豆疫霉根腐病。 2025-06-14在高淳区记录一例大豆叶部或根茎异常。现场观察为叶面黄斑，并伴有叶背灰白霉层，病情评定为中度。记录时温度27.5℃、相对湿度89%。教学标注诊断为大豆霜霉病。

【田间记录B】2025-06-24在江宁区记录一例大豆叶部或根茎异常。现场观察为茎基部暗褐变，并伴有根腐，病情评定为较重。记录时温度27.0℃、相对湿度88%。教学标注诊断为大豆疫霉根腐病。 2025-06-06在溧水区记录一例大豆叶部或根茎异常。现场观察为叶片淡黄色斑块，并伴有灰白色霉状物，病情评定为轻度。记录时温度26.5℃、相对湿度94%。教学标注诊断为大豆霜霉病。

【记录说明】以上病例均为教学模拟记录。本组诊断分布为大豆疫霉根腐病2例、大豆霜霉病2例。原始症状表达、标准症状编号和诊断编号同时保留，用于比较关键词检索、语义检索和结构化查询。"
DOC-CASE-026,大豆田间病例记录第026组,Document,大豆田间病例记录第026组,"【田间记录A】调查范围：六合区、江宁区、浦口区、高淳区。2025-05-01在六合区记录一例大豆叶部或根茎异常。现场观察为紫褐色斑缘，并伴有叶片黄化，病情评定为中度。记录时温度23.0℃、相对湿度83%。教学标注诊断为大豆灰斑病。 2025-07-11在浦口区记录一例大豆叶部或根茎异常。现场观察为茎基部暗褐变，并伴有根腐，病情评定为中度。记录时温度27.5℃、相对湿度91%。教学标注诊断为大豆疫霉根腐病。

【田间记录B】2025-07-21在高淳区记录一例大豆叶部或根茎异常。现场观察为叶片淡黄色斑块，并伴有灰白色霉状物，病情评定为较重。记录时温度27.0℃、相对湿度88%。教学标注诊断为大豆霜霉病。 2025-07-03在江宁区记录一例大豆叶部或根茎异常。现场观察为近地面茎部变暗，并伴有根系腐烂萎蔫，病情评定为轻度。记录时温度26.5℃、相对湿度96%。教学标注诊断为大豆疫霉根腐病。

【记录说明】以上病例均为教学模拟记录。本组诊断分布为大豆疫霉根腐病2例、大豆灰斑病1例、大豆霜霉病1例。原始症状表达、标准症状编号和诊断编号同时保留，用于比较关键词检索、语义检索和结构化查询。"
DOC-CASE-027,大豆田间病例记录第027组,Document,大豆田间病例记录第027组,"【田间记录A】调查范围：六合区、浦口区、溧水区、高淳区。2025-07-13在溧水区记录一例大豆叶部或根茎异常。现场观察为叶面淡黄斑，并伴有叶背霉层，并伴有叶色变黄，病情评定为中度。记录时温度29.2℃、相对湿度93%。教学标注诊断为大豆霜霉病。 2025-06-08在六合区记录一例大豆叶部或根茎异常。现场观察为灰白斑心，并伴有叶色变黄，病情评定为中度。记录时温度26.8℃、相对湿度82%。教学标注诊断为大豆灰斑病。

【田间记录B】2025-08-18在浦口区记录一例大豆叶部或根茎异常。现场观察为近地面茎部变暗，并伴有根系腐烂萎蔫，病情评定为较重。记录时温度29.2℃、相对湿度90%。教学标注诊断为大豆疫霉根腐病。 2025-08-28在高淳区记录一例大豆叶部或根茎异常。现场观察为叶面淡黄斑，并伴有叶背霉层，病情评定为轻度。记录时温度28.8℃、相对湿度87%。教学标注诊断为大豆霜霉病。

【记录说明】以上病例均为教学模拟记录。本组诊断分布为大豆霜霉病2例、大豆灰斑病1例、大豆疫霉根腐病1例。原始症状表达、标准症状编号和诊断编号同时保留，用于比较关键词检索、语义检索和结构化查询。"
DOC-CASE-028,大豆田间病例记录第028组,Document,大豆田间病例记录第028组,"【田间记录A】调查范围：六合区、江宁区、浦口区、溧水区。2025-08-10在江宁区记录一例大豆叶部或根茎异常。现场观察为茎基部褐变，并伴有植株萎蔫，病情评定为中度。记录时温度28.2℃、相对湿度95%。教学标注诊断为大豆疫霉根腐病。 2025-08-20在溧水区记录一例大豆叶部或根茎异常。现场观察为叶面黄斑，并伴有叶背灰白霉层，病情评定为中度。记录时温度27.8℃、相对湿度92%。教学标注诊断为大豆霜霉病。

【田间记录B】2025-08-15在六合区记录一例大豆叶部或根茎异常。现场观察为角斑水渍状，并伴有黄绿色晕圈，病情评定为较重。记录时温度30.5℃、相对湿度88%。教学标注诊断为大豆细菌性斑点病。 2025-09-25在浦口区记录一例大豆叶部或根茎异常。现场观察为茎基部褐变，并伴有植株萎蔫，病情评定为轻度。记录时温度26.0℃、相对湿度89%。教学标注诊断为大豆疫霉根腐病。

【记录说明】以上病例均为教学模拟记录。本组诊断分布为大豆疫霉根腐病2例、大豆霜霉病1例、大豆细菌性斑点病1例。原始症状表达、标准症状编号和诊断编号同时保留，用于比较关键词检索、语义检索和结构化查询。"
DOC-CASE-029,大豆田间病例记录第029组,Document,大豆田间病例记录第029组,"【田间记录A】调查范围：六合区、江宁区、溧水区、高淳区。2025-09-07在高淳区记录一例大豆叶部或根茎异常。现场观察为叶面黄斑，并伴有叶背灰白霉层，并伴有叶片发黄，病情评定为中度。记录时温度25.5℃、相对湿度95%。教学标注诊断为大豆霜霉病。 2025-09-17在江宁区记录一例大豆叶部或根茎异常。现场观察为茎基部暗褐变，并伴有根腐，病情评定为中度。记录时温度25.0℃、相对湿度94%。教学标注诊断为大豆疫霉根腐病。

【田间记录B】2025-09-27在溧水区记录一例大豆叶部或根茎异常。现场观察为叶片淡黄色斑块，并伴有灰白色霉状物，病情评定为较重。记录时温度24.5℃、相对湿度91%。教学标注诊断为大豆霜霉病。 2025-09-22在六合区记录一例大豆叶部或根茎异常。现场观察为受叶脉限制的角形斑，并伴有黄色晕圈，病情评定为轻度。记录时温度24.0℃、相对湿度87%。教学标注诊断为大豆细菌性斑点病。

【记录说明】以上病例均为教学模拟记录。本组诊断分布为大豆霜霉病2例、大豆疫霉根腐病1例、大豆细菌性斑点病1例。原始症状表达、标准症状编号和诊断编号同时保留，用于比较关键词检索、语义检索和结构化查询。"
DOC-CASE-030,大豆田间病例记录第030组,Document,大豆田间病例记录第030组,"【田间记录A】调查范围：江宁区、浦口区、溧水区、高淳区。2025-05-04在浦口区记录一例大豆叶部或根茎异常。现场观察为角斑水渍状，并伴有黄绿色晕圈，并伴有叶色变黄，病情评定为中度。记录时温度21.5℃、相对湿度85%。教学标注诊断为大豆细菌性斑点病。 2025-05-14在高淳区记录一例大豆叶部或根茎异常。现场观察为棕褐色近圆斑，并伴有同心环纹，病情评定为中度。记录时温度24.2℃、相对湿度88%。教学标注诊断为大豆靶斑病。

【田间记录B】2025-05-24在江宁区记录一例大豆叶部或根茎异常。现场观察为受叶脉限制的角形斑，并伴有黄色晕圈，病情评定为较重。记录时温度23.8℃、相对湿度90%。教学标注诊断为大豆细菌性斑点病。 2025-05-06在溧水区记录一例大豆叶部或根茎异常。现场观察为褐色近圆形病斑，并伴有靶纹，病情评定为轻度。记录时温度23.2℃、相对湿度84%。教学标注诊断为大豆靶斑病。

【记录说明】以上病例均为教学模拟记录。本组诊断分布为大豆细菌性斑点病2例、大豆靶斑病2例。原始症状表达、标准症状编号和诊断编号同时保留，用于比较关键词检索、语义检索和结构化查询。"
DOC-CASE-031,大豆田间病例记录第031组,Document,大豆田间病例记录第031组,"【田间记录A】调查范围：六合区、江宁区、浦口区、高淳区。2025-05-01在六合区记录一例大豆叶部或根茎异常。现场观察为凹陷坏死斑，并伴有豆荚条形病斑，并伴有叶片黄化，病情评定为中度。记录时温度22.8℃、相对湿度85%。教学标注诊断为大豆炭疽病。 2025-06-11在浦口区记录一例大豆叶部或根茎异常。现场观察为受叶脉限制的角形斑，并伴有黄色晕圈，病情评定为中度。记录时温度25.2℃、相对湿度93%。教学标注诊断为大豆细菌性斑点病。

【田间记录B】2025-06-21在高淳区记录一例大豆叶部或根茎异常。现场观察为褐色近圆形病斑，并伴有靶纹，病情评定为较重。记录时温度24.8℃、相对湿度87%。教学标注诊断为大豆靶斑病。 2025-06-03在江宁区记录一例大豆叶部或根茎异常。现场观察为水渍状角斑，并伴有病斑外缘黄晕，病情评定为轻度。记录时温度27.5℃、相对湿度89%。教学标注诊断为大豆细菌性斑点病。"
DOC-CASE-032,大豆田间病例记录第032组,Document,大豆田间病例记录第032组,"【田间记录A】调查范围：六合区、浦口区、溧水区、高淳区。2025-06-13在溧水区记录一例大豆叶部或根茎异常。现场观察为边缘颜色较深、轮廓接近圆形的棕褐斑块，并伴有同心轮纹，并伴有叶片发黄，病情评定为中度。记录时温度27.0℃、相对湿度83%。教学标注诊断为大豆靶斑病。 2025-06-08在六合区记录一例大豆叶部或根茎异常。现场观察为黑褐色凹陷斑，并伴有茎部条斑，病情评定为中度。记录时温度26.5℃、相对湿度84%。教学标注诊断为大豆炭疽病。

【田间记录B】2025-07-18在浦口区记录一例大豆叶部或根茎异常。现场观察为水渍状角斑，并伴有病斑外缘黄晕，病情评定为较重。记录时温度28.0℃、相对湿度92%。教学标注诊断为大豆细菌性斑点病。 2025-07-28在高淳区记录一例大豆叶部或根茎异常。现场观察为边缘颜色较深、轮廓接近圆形的棕褐斑块，并伴有同心轮纹，病情评定为轻度。记录时温度27.5℃、相对湿度86%。教学标注诊断为大豆靶斑病。"
DOC-CASE-033,大豆田间病例记录第033组,Document,大豆田间病例记录第033组,"【田间记录A】调查范围：六合区、江宁区、浦口区、溧水区。2025-07-10在江宁区记录一例大豆叶部或根茎异常。现场观察为角斑水渍状，并伴有黄绿色晕圈，并伴有叶色变黄，病情评定为中度。记录时温度27.0℃、相对湿度88%。教学标注诊断为大豆细菌性斑点病。 2025-07-20在溧水区记录一例大豆叶部或根茎异常。现场观察为棕褐色近圆斑，并伴有同心环纹，病情评定为中度。记录时温度26.5℃、相对湿度82%。教学标注诊断为大豆靶斑病。

【田间记录B】2025-08-15在六合区记录一例大豆叶部或根茎异常。现场观察为边缘颜色较深、轮廓接近圆形的棕褐斑块，并伴有同心轮纹，病情评定为较重。记录时温度30.2℃、相对湿度89%。教学标注诊断为大豆靶斑病。 2025-08-25在浦口区记录一例大豆叶部或根茎异常。现场观察为角斑水渍状，并伴有黄绿色晕圈，病情评定为轻度。记录时温度29.8℃、相对湿度91%。教学标注诊断为大豆细菌性斑点病。"
DOC-CASE-034,大豆田间病例记录第034组,Document,大豆田间病例记录第034组,"【田间记录A】调查范围：六合区、江宁区、溧水区、高淳区。2025-08-07在高淳区记录一例大豆叶部或根茎异常。现场观察为棕褐色近圆斑，并伴有同心环纹，并伴有叶片黄化，病情评定为中度。记录时温度29.2℃、相对湿度85%。教学标注诊断为大豆靶斑病。 2025-08-17在江宁区记录一例大豆叶部或根茎异常。现场观察为受叶脉限制的角形斑，并伴有黄色晕圈，病情评定为中度。记录时温度28.8℃、相对湿度87%。教学标注诊断为大豆细菌性斑点病。

【田间记录B】2025-08-27在溧水区记录一例大豆叶部或根茎异常。现场观察为褐色近圆形病斑，并伴有靶纹，病情评定为较重。记录时温度28.2℃、相对湿度81%。教学标注诊断为大豆靶斑病。 2025-09-22在六合区记录一例大豆叶部或根茎异常。现场观察为棕褐色近圆斑，并伴有同心环纹，病情评定为轻度。记录时温度23.8℃、相对湿度88%。教学标注诊断为大豆靶斑病。"
DOC-CASE-035,大豆田间病例记录第035组,Document,大豆田间病例记录第035组,"【田间记录A】调查范围：江宁区、浦口区、溧水区、高淳区。2025-09-04在浦口区记录一例大豆叶部或根茎异常。现场观察为受叶脉限制的角形斑，并伴有黄色晕圈，并伴有叶片发黄，病情评定为中度。记录时温度26.5℃、相对湿度90%。教学标注诊断为大豆细菌性斑点病。 2025-09-14在高淳区记录一例大豆叶部或根茎异常。现场观察为褐色近圆形病斑，并伴有靶纹，病情评定为中度。记录时温度26.0℃、相对湿度84%。教学标注诊断为大豆靶斑病。

【田间记录B】2025-09-24在江宁区记录一例大豆叶部或根茎异常。现场观察为水渍状角斑，并伴有病斑外缘黄晕，病情评定为较重。记录时温度25.5℃、相对湿度86%。教学标注诊断为大豆细菌性斑点病。 2025-09-06在溧水区记录一例大豆叶部或根茎异常。现场观察为边缘颜色较深、轮廓接近圆形的棕褐斑块，并伴有同心轮纹，病情评定为轻度。记录时温度25.0℃、相对湿度89%。教学标注诊断为大豆靶斑病。"
DOC-CASE-036,大豆田间病例记录第036组,Document,大豆田间病例记录第036组,"【田间记录A】调查范围：六合区、江宁区、浦口区、高淳区。2025-05-01在六合区记录一例大豆叶部或根茎异常。现场观察为灰白中心紫褐边缘，并伴有叶片发黄，病情评定为中度。记录时温度22.5℃、相对湿度84%。教学标注诊断为大豆灰斑病。 2025-05-11在浦口区记录一例大豆叶部或根茎异常。现场观察为凹陷坏死斑，并伴有豆荚条形病斑，病情评定为中度。记录时温度22.0℃、相对湿度88%。教学标注诊断为大豆炭疽病。

【田间记录B】2025-05-21在高淳区记录一例大豆叶部或根茎异常。现场观察为紫褐色斑缘，并伴有叶片黄化，病情评定为较重。记录时温度21.5℃、相对湿度80%。教学标注诊断为大豆灰斑病。 2025-05-03在江宁区记录一例大豆叶部或根茎异常。现场观察为黑褐色凹陷斑，并伴有茎部条斑，病情评定为轻度。记录时温度24.2℃、相对湿度84%。教学标注诊断为大豆炭疽病。"
DOC-CASE-037,大豆田间病例记录第037组,Document,大豆田间病例记录第037组,"【田间记录A】调查范围：六合区、浦口区、溧水区、高淳区。2025-05-13在溧水区记录一例大豆叶部或根茎异常。现场观察为灰白斑心，并伴有叶色变黄，病情评定为中度。记录时温度23.8℃、相对湿度85%。教学标注诊断为大豆灰斑病。 2025-06-08在六合区记录一例大豆叶部或根茎异常。现场观察为紫褐色斑缘，并伴有叶片黄化，病情评定为中度。记录时温度26.2℃、相对湿度83%。教学标注诊断为大豆灰斑病。

【田间记录B】2025-06-18在浦口区记录一例大豆叶部或根茎异常。现场观察为黑褐色凹陷斑，并伴有茎部条斑，病情评定为较重。记录时温度25.8℃、相对湿度87%。教学标注诊断为大豆炭疽病。 2025-06-28在高淳区记录一例大豆叶部或根茎异常。现场观察为灰白斑心，并伴有叶色变黄，病情评定为轻度。记录时温度25.2℃、相对湿度79%。教学标注诊断为大豆灰斑病。"
DOC-CASE-038,大豆田间病例记录第038组,Document,大豆田间病例记录第038组,"【田间记录A】调查范围：六合区、江宁区、浦口区、溧水区。2025-06-10在江宁区记录一例大豆叶部或根茎异常。现场观察为黑褐色下陷病斑，并伴有茎荚条状病斑，并伴有叶片发黄，病情评定为中度。记录时温度24.8℃、相对湿度92%。教学标注诊断为大豆炭疽病。 2025-06-20在溧水区记录一例大豆叶部或根茎异常。现场观察为灰白中心紫褐边缘，并伴有叶片发黄，病情评定为中度。记录时温度27.5℃、相对湿度84%。教学标注诊断为大豆灰斑病。

【田间记录B】2025-08-15在六合区记录一例大豆叶部或根茎异常。现场观察为水渍状角斑，并伴有病斑外缘黄晕，病情评定为较重。记录时温度30.0℃、相对湿度89%。教学标注诊断为大豆细菌性斑点病。 2025-07-25在浦口区记录一例大豆叶部或根茎异常。现场观察为黑褐色下陷病斑，并伴有茎荚条状病斑，病情评定为轻度。记录时温度28.5℃、相对湿度86%。教学标注诊断为大豆炭疽病。"
DOC-CASE-039,大豆田间病例记录第039组,Document,大豆田间病例记录第039组,"【田间记录A】调查范围：六合区、江宁区、溧水区、高淳区。2025-07-07在高淳区记录一例大豆叶部或根茎异常。现场观察为灰白中心紫褐边缘，并伴有叶片发黄，病情评定为中度。记录时温度28.0℃、相对湿度78%。教学标注诊断为大豆灰斑病。 2025-07-17在江宁区记录一例大豆叶部或根茎异常。现场观察为凹陷坏死斑，并伴有豆荚条形病斑，病情评定为中度。记录时温度27.5℃、相对湿度91%。教学标注诊断为大豆炭疽病。

【田间记录B】2025-07-27在溧水区记录一例大豆叶部或根茎异常。现场观察为紫褐色斑缘，并伴有叶片黄化，病情评定为较重。记录时温度27.0℃、相对湿度83%。教学标注诊断为大豆灰斑病。 2025-09-22在六合区记录一例大豆叶部或根茎异常。现场观察为角斑水渍状，并伴有黄绿色晕圈，病情评定为轻度。记录时温度23.5℃、相对湿度88%。教学标注诊断为大豆细菌性斑点病。"
DOC-CASE-040,大豆田间病例记录第040组,Document,大豆田间病例记录第040组,"【田间记录A】调查范围：江宁区、浦口区、溧水区、高淳区。2025-08-04在浦口区记录一例大豆叶部或根茎异常。现场观察为凹陷坏死斑，并伴有豆荚条形病斑，并伴有叶片黄化，病情评定为中度。记录时温度30.2℃、相对湿度85%。教学标注诊断为大豆炭疽病。 2025-08-14在高淳区记录一例大豆叶部或根茎异常。现场观察为紫褐色斑缘，并伴有叶片黄化，病情评定为中度。记录时温度29.8℃、相对湿度86%。教学标注诊断为大豆灰斑病。

【田间记录B】2025-08-24在江宁区记录一例大豆叶部或根茎异常。现场观察为黑褐色凹陷斑，并伴有茎部条斑，病情评定为较重。记录时温度29.2℃、相对湿度90%。教学标注诊断为大豆炭疽病。 2025-08-06在溧水区记录一例大豆叶部或根茎异常。现场观察为灰白斑心，并伴有叶色变黄，病情评定为轻度。记录时温度28.8℃、相对湿度82%。教学标注诊断为大豆灰斑病。"
DOC-CASE-041,大豆田间病例记录第041组,Document,大豆田间病例记录第041组,"【田间记录A】调查范围：六合区、江宁区、浦口区、高淳区。2025-05-01在六合区记录一例大豆叶部或根茎异常。现场观察为黑褐色下陷病斑，并伴有茎荚条状病斑，并伴有叶片发黄，病情评定为中度。记录时温度22.2℃、相对湿度86%。教学标注诊断为大豆炭疽病。 2025-09-11在浦口区记录一例大豆叶部或根茎异常。现场观察为黑褐色凹陷斑，并伴有茎部条斑，病情评定为中度。记录时温度23.8℃、相对湿度84%。教学标注诊断为大豆炭疽病。

【田间记录B】2025-09-21在高淳区记录一例大豆叶部或根茎异常。现场观察为灰白斑心，并伴有叶色变黄，病情评定为较重。记录时温度26.5℃、相对湿度85%。教学标注诊断为大豆灰斑病。 2025-09-03在江宁区记录一例大豆叶部或根茎异常。现场观察为黑褐色下陷病斑，并伴有茎荚条状病斑，病情评定为轻度。记录时温度26.0℃、相对湿度89%。教学标注诊断为大豆炭疽病。"
DOC-CASE-042,大豆田间病例记录第042组,Document,大豆田间病例记录第042组,"【田间记录A】调查范围：六合区、浦口区、溧水区、高淳区。2025-09-13在溧水区记录一例大豆叶部或根茎异常。现场观察为灰白中心紫褐边缘，并伴有叶片发黄，病情评定为中度。记录时温度25.5℃、相对湿度81%。教学标注诊断为大豆灰斑病。 2025-06-08在六合区记录一例大豆叶部或根茎异常。现场观察为凹陷坏死斑，并伴有豆荚条形病斑，病情评定为中度。记录时温度26.0℃、相对湿度85%。教学标注诊断为大豆炭疽病。

【田间记录B】2025-05-18在浦口区记录一例大豆叶部或根茎异常。现场观察为边缘颜色较深、轮廓接近圆形的棕褐斑块，并伴有病斑边缘深褐，病情评定为较重。记录时温度22.5℃、相对湿度90%。教学标注诊断为大豆褐斑病。 2025-05-28在高淳区记录一例大豆叶部或根茎异常。现场观察为叶背褐色小疱，并伴有粉末状物，病情评定为轻度。记录时温度22.0℃、相对湿度89%。教学标注诊断为大豆锈病。"
DOC-CASE-043,大豆田间病例记录第043组,Document,大豆田间病例记录第043组,"【田间记录A】调查范围：六合区、江宁区、浦口区、溧水区。2025-05-10在江宁区记录一例大豆叶部或根茎异常。现场观察为棕褐色近圆斑，并伴有深褐色边界，并伴有叶片黄化，病情评定为中度。记录时温度21.5℃、相对湿度86%。教学标注诊断为大豆褐斑病。 2025-05-20在溧水区记录一例大豆叶部或根茎异常。现场观察为叶背小疱斑，并伴有粉末状孢子，病情评定为中度。记录时温度24.2℃、相对湿度85%。教学标注诊断为大豆锈病。

【田间记录B】2025-08-15在六合区记录一例大豆叶部或根茎异常。现场观察为褐色近圆形病斑，并伴有靶纹，病情评定为较重。记录时温度29.8℃、相对湿度81%。教学标注诊断为大豆靶斑病。 2025-06-25在浦口区记录一例大豆叶部或根茎异常。现场观察为棕褐色近圆斑，并伴有深褐色边界，病情评定为轻度。记录时温度26.2℃、相对湿度89%。教学标注诊断为大豆褐斑病。"
DOC-CASE-044,大豆田间病例记录第044组,Document,大豆田间病例记录第044组,"【田间记录A】调查范围：六合区、江宁区、溧水区、高淳区。2025-06-07在高淳区记录一例大豆叶部或根茎异常。现场观察为叶背小疱斑，并伴有粉末状孢子，并伴有叶片发黄，病情评定为中度。记录时温度25.8℃、相对湿度88%。教学标注诊断为大豆锈病。 2025-06-17在江宁区记录一例大豆叶部或根茎异常。现场观察为褐色近圆形病斑，并伴有病斑边缘颜色较深，病情评定为中度。记录时温度25.2℃、相对湿度85%。教学标注诊断为大豆褐斑病。

【田间记录B】2025-06-27在溧水区记录一例大豆叶部或根茎异常。现场观察为褐色孢子堆，并伴有孢子粉，病情评定为较重。记录时温度24.8℃、相对湿度84%。教学标注诊断为大豆锈病。 2025-09-22在六合区记录一例大豆叶部或根茎异常。现场观察为边缘颜色较深、轮廓接近圆形的棕褐斑块，并伴有同心轮纹，病情评定为轻度。记录时温度26.5℃、相对湿度89%。教学标注诊断为大豆靶斑病。"
DOC-CASE-045,大豆田间病例记录第045组,Document,大豆田间病例记录第045组,"【田间记录A】调查范围：江宁区、浦口区、溧水区、高淳区。2025-07-04在浦口区记录一例大豆叶部或根茎异常。现场观察为褐色近圆形病斑，并伴有病斑边缘颜色较深，并伴有叶色变黄，病情评定为中度。记录时温度29.0℃、相对湿度88%。教学标注诊断为大豆褐斑病。 2025-07-14在高淳区记录一例大豆叶部或根茎异常。现场观察为褐色孢子堆，并伴有孢子粉，病情评定为中度。记录时温度28.5℃、相对湿度87%。教学标注诊断为大豆锈病。

【田间记录B】2025-07-24在江宁区记录一例大豆叶部或根茎异常。现场观察为边缘颜色较深、轮廓接近圆形的棕褐斑块，并伴有病斑边缘深褐，病情评定为较重。记录时温度28.0℃、相对湿度84%。教学标注诊断为大豆褐斑病。 2025-07-06在溧水区记录一例大豆叶部或根茎异常。现场观察为叶背褐色小疱，并伴有粉末状物，病情评定为轻度。记录时温度27.5℃、相对湿度83%。教学标注诊断为大豆锈病。"
DOC-CASE-046,大豆田间病例记录第046组,Document,大豆田间病例记录第046组,"【田间记录A】调查范围：六合区、江宁区、浦口区、高淳区。2025-05-01在六合区记录一例大豆叶部或根茎异常。现场观察为灰白斑心，并伴有叶色变黄，病情评定为中度。记录时温度22.0℃、相对湿度85%。教学标注诊断为大豆灰斑病。 2025-08-11在浦口区记录一例大豆叶部或根茎异常。现场观察为边缘颜色较深、轮廓接近圆形的棕褐斑块，并伴有病斑边缘深褐，病情评定为中度。记录时温度27.5℃、相对湿度87%。教学标注诊断为大豆褐斑病。

【田间记录B】2025-08-21在高淳区记录一例大豆叶部或根茎异常。现场观察为叶背褐色小疱，并伴有粉末状物，病情评定为较重。记录时温度30.2℃、相对湿度86%。教学标注诊断为大豆锈病。 2025-08-03在江宁区记录一例大豆叶部或根茎异常。现场观察为棕褐色近圆斑，并伴有深褐色边界，病情评定为轻度。记录时温度29.8℃、相对湿度83%。教学标注诊断为大豆褐斑病。"
DOC-CASE-047,大豆田间病例记录第047组,Document,大豆田间病例记录第047组,"【田间记录A】调查范围：六合区、浦口区、溧水区、高淳区。2025-08-13在溧水区记录一例大豆叶部或根茎异常。现场观察为叶背小疱斑，并伴有粉末状孢子，并伴有叶片发黄，病情评定为中度。记录时温度29.2℃、相对湿度91%。教学标注诊断为大豆锈病。 2025-06-08在六合区记录一例大豆叶部或根茎异常。现场观察为灰白中心紫褐边缘，并伴有叶片发黄，病情评定为中度。记录时温度25.8℃、相对湿度84%。教学标注诊断为大豆灰斑病。

【田间记录B】2025-09-18在浦口区记录一例大豆叶部或根茎异常。现场观察为棕褐色近圆斑，并伴有深褐色边界，病情评定为较重。记录时温度24.2℃、相对湿度86%。教学标注诊断为大豆褐斑病。 2025-09-28在高淳区记录一例大豆叶部或根茎异常。现场观察为叶背小疱斑，并伴有粉末状孢子，病情评定为轻度。记录时温度23.8℃、相对湿度85%。教学标注诊断为大豆锈病。"
DOC-CASE-048,大豆田间病例记录第048组,Document,大豆田间病例记录第048组,"【田间记录A】调查范围：六合区、江宁区、浦口区、溧水区。2025-09-10在江宁区记录一例大豆叶部或根茎异常。现场观察为褐色近圆形病斑，并伴有病斑边缘颜色较深，并伴有叶色变黄，病情评定为中度。记录时温度26.5℃、相对湿度82%。教学标注诊断为大豆褐斑病。 2025-09-20在溧水区记录一例大豆叶部或根茎异常。现场观察为褐色孢子堆，并伴有孢子粉，病情评定为中度。记录时温度26.0℃、相对湿度90%。教学标注诊断为大豆锈病。

【田间记录B】2025-08-15在六合区记录一例大豆叶部或根茎异常。现场观察为受叶脉限制的角形斑，并伴有黄色晕圈，病情评定为较重。记录时温度29.5℃、相对湿度90%。教学标注诊断为大豆细菌性斑点病。 2025-05-25在浦口区记录一例大豆叶部或根茎异常。现场观察为叶面淡黄斑，并伴有叶背霉层，病情评定为轻度。记录时温度23.0℃、相对湿度90%。教学标注诊断为大豆霜霉病。"
DOC-CASE-049,大豆田间病例记录第049组,Document,大豆田间病例记录第049组,"【田间记录A】调查范围：六合区、江宁区、溧水区、高淳区。2025-05-07在高淳区记录一例大豆叶部或根茎异常。现场观察为茎基部褐变，并伴有植株萎蔫，病情评定为中度。记录时温度22.5℃、相对湿度89%。教学标注诊断为大豆疫霉根腐病。 2025-05-17在江宁区记录一例大豆叶部或根茎异常。现场观察为叶面黄斑，并伴有叶背灰白霉层，病情评定为中度。记录时温度22.0℃、相对湿度95%。教学标注诊断为大豆霜霉病。

【田间记录B】2025-05-27在溧水区记录一例大豆叶部或根茎异常。现场观察为茎基部暗褐变，并伴有根腐，病情评定为较重。记录时温度21.5℃、相对湿度94%。教学标注诊断为大豆疫霉根腐病。 2025-09-22在六合区记录一例大豆叶部或根茎异常。现场观察为水渍状角斑，并伴有病斑外缘黄晕，病情评定为轻度。记录时温度26.2℃、相对湿度89%。教学标注诊断为大豆细菌性斑点病。"
DOC-CASE-050,大豆田间病例记录第050组,Document,大豆田间病例记录第050组,"【田间记录A】调查范围：江宁区、浦口区、溧水区、高淳区。2025-06-04在浦口区记录一例大豆叶部或根茎异常。现场观察为叶面黄斑，并伴有叶背灰白霉层，并伴有叶片发黄，病情评定为中度。记录时温度26.8℃、相对湿度89%。教学标注诊断为大豆霜霉病。 2025-06-14在高淳区记录一例大豆叶部或根茎异常。现场观察为茎基部暗褐变，并伴有根腐，病情评定为中度。记录时温度26.2℃、相对湿度88%。教学标注诊断为大豆疫霉根腐病。

【田间记录B】2025-06-24在江宁区记录一例大豆叶部或根茎异常。现场观察为叶片淡黄色斑块，并伴有灰白色霉状物，病情评定为较重。记录时温度25.8℃、相对湿度94%。教学标注诊断为大豆霜霉病。 2025-06-06在溧水区记录一例大豆叶部或根茎异常。现场观察为近地面茎部变暗，并伴有根系腐烂萎蔫，病情评定为轻度。记录时温度25.2℃、相对湿度93%。教学标注诊断为大豆疫霉根腐病。"
DOC-CASE-051,大豆田间病例记录第051组,Document,大豆田间病例记录第051组,"【田间记录A】调查范围：六合区、江宁区、浦口区、高淳区。2025-05-01在六合区记录一例大豆叶部或根茎异常。现场观察为黑褐色凹陷斑，并伴有茎部条斑，并伴有叶色变黄，病情评定为中度。记录时温度21.8℃、相对湿度87%。教学标注诊断为大豆炭疽病。 2025-07-11在浦口区记录一例大豆叶部或根茎异常。现场观察为叶片淡黄色斑块，并伴有灰白色霉状物，病情评定为中度。记录时温度29.5℃、相对湿度88%。教学标注诊断为大豆霜霉病。

【田间记录B】2025-07-21在高淳区记录一例大豆叶部或根茎异常。现场观察为近地面茎部变暗，并伴有根系腐烂萎蔫，病情评定为较重。记录时温度29.0℃、相对湿度96%。教学标注诊断为大豆疫霉根腐病。 2025-07-03在江宁区记录一例大豆叶部或根茎异常。现场观察为叶面淡黄斑，并伴有叶背霉层，病情评定为轻度。记录时温度28.5℃、相对湿度93%。教学标注诊断为大豆霜霉病。"
DOC-CASE-052,大豆田间病例记录第052组,Document,大豆田间病例记录第052组,"【田间记录A】调查范围：六合区、浦口区、溧水区、高淳区。2025-07-13在溧水区记录一例大豆叶部或根茎异常。现场观察为茎基部褐变，并伴有植株萎蔫，病情评定为中度。记录时温度28.0℃、相对湿度92%。教学标注诊断为大豆疫霉根腐病。 2025-06-08在六合区记录一例大豆叶部或根茎异常。现场观察为黑褐色下陷病斑，并伴有茎荚条状病斑，病情评定为中度。记录时温度25.5℃、相对湿度86%。教学标注诊断为大豆炭疽病。

【田间记录B】2025-08-18在浦口区记录一例大豆叶部或根茎异常。现场观察为叶面淡黄斑，并伴有叶背霉层，病情评定为较重。记录时温度28.0℃、相对湿度87%。教学标注诊断为大豆霜霉病。 2025-08-28在高淳区记录一例大豆叶部或根茎异常。现场观察为茎基部褐变，并伴有植株萎蔫，病情评定为轻度。记录时温度27.5℃、相对湿度95%。教学标注诊断为大豆疫霉根腐病。"
DOC-CASE-053,大豆田间病例记录第053组,Document,大豆田间病例记录第053组,"【田间记录A】调查范围：六合区、江宁区、浦口区、溧水区。2025-08-10在江宁区记录一例大豆叶部或根茎异常。现场观察为叶面黄斑，并伴有叶背灰白霉层，并伴有叶片发黄，病情评定为中度。记录时温度30.2℃、相对湿度92%。教学标注诊断为大豆霜霉病。 2025-08-20在溧水区记录一例大豆叶部或根茎异常。现场观察为茎基部暗褐变，并伴有根腐，病情评定为中度。记录时温度29.8℃、相对湿度91%。教学标注诊断为大豆疫霉根腐病。

【田间记录B】2025-08-15在六合区记录一例大豆叶部或根茎异常。现场观察为棕褐色近圆斑，并伴有同心环纹，病情评定为较重。记录时温度29.2℃、相对湿度82%。教学标注诊断为大豆靶斑病。 2025-09-25在浦口区记录一例大豆叶部或根茎异常。现场观察为叶面黄斑，并伴有叶背灰白霉层，病情评定为轻度。记录时温度24.8℃、相对湿度95%。教学标注诊断为大豆霜霉病。"
DOC-CASE-054,大豆田间病例记录第054组,Document,大豆田间病例记录第054组,"【田间记录A】调查范围：六合区、江宁区、溧水区、高淳区。2025-09-07在高淳区记录一例大豆叶部或根茎异常。现场观察为茎基部暗褐变，并伴有根腐，病情评定为中度。记录时温度24.2℃、相对湿度94%。教学标注诊断为大豆疫霉根腐病。 2025-09-17在江宁区记录一例大豆叶部或根茎异常。现场观察为叶片淡黄色斑块，并伴有灰白色霉状物，病情评定为中度。记录时温度23.8℃、相对湿度91%。教学标注诊断为大豆霜霉病。

【田间记录B】2025-09-27在溧水区记录一例大豆叶部或根茎异常。现场观察为近地面茎部变暗，并伴有根系腐烂萎蔫，病情评定为较重。记录时温度26.5℃、相对湿度90%。教学标注诊断为大豆疫霉根腐病。 2025-09-22在六合区记录一例大豆叶部或根茎异常。现场观察为褐色近圆形病斑，并伴有靶纹，病情评定为轻度。记录时温度26.0℃、相对湿度81%。教学标注诊断为大豆靶斑病。"
DOC-CASE-055,大豆田间病例记录第055组,Document,大豆田间病例记录第055组,"【田间记录A】调查范围：江宁区、浦口区、溧水区、高淳区。2025-05-04在浦口区记录一例大豆叶部或根茎异常。现场观察为棕褐色近圆斑，并伴有同心环纹，并伴有叶片黄化，病情评定为中度。记录时温度23.5℃、相对湿度88%。教学标注诊断为大豆靶斑病。 2025-05-14在高淳区记录一例大豆叶部或根茎异常。现场观察为受叶脉限制的角形斑，并伴有黄色晕圈，病情评定为中度。记录时温度23.0℃、相对湿度90%。教学标注诊断为大豆细菌性斑点病。

【田间记录B】2025-05-24在江宁区记录一例大豆叶部或根茎异常。现场观察为褐色近圆形病斑，并伴有靶纹，病情评定为较重。记录时温度22.5℃、相对湿度84%。教学标注诊断为大豆靶斑病。 2025-05-06在溧水区记录一例大豆叶部或根茎异常。现场观察为水渍状角斑，并伴有病斑外缘黄晕，病情评定为轻度。记录时温度22.0℃、相对湿度86%。教学标注诊断为大豆细菌性斑点病。"
DOC-CASE-056,大豆田间病例记录第056组,Document,大豆田间病例记录第056组,"【田间记录A】调查范围：六合区、江宁区、浦口区、高淳区。2025-05-01在六合区记录一例大豆叶部或根茎异常。现场观察为紫褐色斑缘，并伴有叶片黄化，病情评定为中度。记录时温度21.5℃、相对湿度86%。教学标注诊断为大豆灰斑病。 2025-06-11在浦口区记录一例大豆叶部或根茎异常。现场观察为褐色近圆形病斑，并伴有靶纹，病情评定为中度。记录时温度27.2℃、相对湿度87%。教学标注诊断为大豆靶斑病。

【田间记录B】2025-06-21在高淳区记录一例大豆叶部或根茎异常。现场观察为水渍状角斑，并伴有病斑外缘黄晕，病情评定为较重。记录时温度26.8℃、相对湿度89%。教学标注诊断为大豆细菌性斑点病。 2025-06-03在江宁区记录一例大豆叶部或根茎异常。现场观察为边缘颜色较深、轮廓接近圆形的棕褐斑块，并伴有同心轮纹，病情评定为轻度。记录时温度26.2℃、相对湿度83%。教学标注诊断为大豆靶斑病。"
DOC-CASE-057,大豆田间病例记录第057组,Document,大豆田间病例记录第057组,"【田间记录A】调查范围：六合区、浦口区、溧水区、高淳区。2025-06-13在溧水区记录一例大豆叶部或根茎异常。现场观察为角斑水渍状，并伴有黄绿色晕圈，并伴有叶色变黄，病情评定为中度。记录时温度25.8℃、相对湿度85%。教学标注诊断为大豆细菌性斑点病。 2025-06-08在六合区记录一例大豆叶部或根茎异常。现场观察为灰白斑心，并伴有叶色变黄，病情评定为中度。记录时温度25.2℃、相对湿度85%。教学标注诊断为大豆灰斑病。

【田间记录B】2025-07-18在浦口区记录一例大豆叶部或根茎异常。现场观察为边缘颜色较深、轮廓接近圆形的棕褐斑块，并伴有同心轮纹，病情评定为较重。记录时温度26.8℃、相对湿度86%。教学标注诊断为大豆靶斑病。 2025-07-28在高淳区记录一例大豆叶部或根茎异常。现场观察为角斑水渍状，并伴有黄绿色晕圈，病情评定为轻度。记录时温度29.5℃、相对湿度88%。教学标注诊断为大豆细菌性斑点病。"
DOC-CASE-058,大豆田间病例记录第058组,Document,大豆田间病例记录第058组,"【田间记录A】调查范围：六合区、江宁区、浦口区、溧水区。2025-07-10在江宁区记录一例大豆叶部或根茎异常。现场观察为棕褐色近圆斑，并伴有同心环纹，并伴有叶片黄化，病情评定为中度。记录时温度29.0℃、相对湿度82%。教学标注诊断为大豆靶斑病。 2025-07-20在溧水区记录一例大豆叶部或根茎异常。现场观察为受叶脉限制的角形斑，并伴有黄色晕圈，病情评定为中度。记录时温度28.5℃、相对湿度93%。教学标注诊断为大豆细菌性斑点病。

【田间记录B】2025-08-15在六合区记录一例大豆叶部或根茎异常。现场观察为角斑水渍状，并伴有黄绿色晕圈，病情评定为较重。记录时温度29.0℃、相对湿度91%。教学标注诊断为大豆细菌性斑点病。 2025-08-25在浦口区记录一例大豆叶部或根茎异常。现场观察为棕褐色近圆斑，并伴有同心环纹，病情评定为轻度。记录时温度28.5℃、相对湿度85%。教学标注诊断为大豆靶斑病。"
DOC-CASE-059,大豆田间病例记录第059组,Document,大豆田间病例记录第059组,"【田间记录A】调查范围：六合区、江宁区、溧水区、高淳区。2025-08-07在高淳区记录一例大豆叶部或根茎异常。现场观察为受叶脉限制的角形斑，并伴有黄色晕圈，并伴有叶片发黄，病情评定为中度。记录时温度28.0℃、相对湿度87%。教学标注诊断为大豆细菌性斑点病。 2025-08-17在江宁区记录一例大豆叶部或根茎异常。现场观察为褐色近圆形病斑，并伴有靶纹，病情评定为中度。记录时温度27.5℃、相对湿度81%。教学标注诊断为大豆靶斑病。

【田间记录B】2025-08-27在溧水区记录一例大豆叶部或根茎异常。现场观察为水渍状角斑，并伴有病斑外缘黄晕，病情评定为较重。记录时温度30.2℃、相对湿度92%。教学标注诊断为大豆细菌性斑点病。 2025-09-22在六合区记录一例大豆叶部或根茎异常。现场观察为受叶脉限制的角形斑，并伴有黄色晕圈，病情评定为轻度。记录时温度25.8℃、相对湿度90%。教学标注诊断为大豆细菌性斑点病。"
DOC-CASE-060,大豆田间病例记录第060组,Document,大豆田间病例记录第060组,"【田间记录A】调查范围：江宁区、浦口区、溧水区、高淳区。2025-09-04在浦口区记录一例大豆叶部或根茎异常。现场观察为褐色近圆形病斑，并伴有靶纹，并伴有叶色变黄，病情评定为中度。记录时温度25.2℃、相对湿度84%。教学标注诊断为大豆靶斑病。 2025-09-14在高淳区记录一例大豆叶部或根茎异常。现场观察为水渍状角斑，并伴有病斑外缘黄晕，病情评定为中度。记录时温度24.8℃、相对湿度86%。教学标注诊断为大豆细菌性斑点病。

【田间记录B】2025-09-24在江宁区记录一例大豆叶部或根茎异常。现场观察为边缘颜色较深、轮廓接近圆形的棕褐斑块，并伴有同心轮纹，病情评定为较重。记录时温度24.2℃、相对湿度89%。教学标注诊断为大豆靶斑病。 2025-09-06在溧水区记录一例大豆叶部或根茎异常。现场观察为角斑水渍状，并伴有黄绿色晕圈，病情评定为轻度。记录时温度23.8℃、相对湿度91%。教学标注诊断为大豆细菌性斑点病。"
DOC-SUM-001,2025年7月六合区大豆病害教学月报,Document,2025年7月六合区大豆病害教学月报,"【月度概况】2025年7月六合区共收录大豆教学病例40例。月报记录的是病例总体分布，不替代按症状条件重新统计。

【病害分布】按诊断病害汇总：大豆褐斑病18例、大豆靶斑病4例、大豆灰斑病4例、大豆霜霉病3例、大豆锈病3例、大豆炭疽病3例、大豆疫霉根腐病3例、大豆细菌性斑点病2例。

【环境摘要】病例记录的平均温度为28.0℃，平均相对湿度为86.7%。精确筛选应回到field_case与case_symptom表执行。"
DOC-SUM-002,2025年7月浦口区大豆病害教学月报,Document,2025年7月浦口区大豆病害教学月报,"【月度概况】2025年7月浦口区共收录大豆教学病例8例。月报记录的是病例总体分布，不替代按症状条件重新统计。

【病害分布】按诊断病害汇总：大豆灰斑病1例、大豆锈病1例、大豆疫霉根腐病1例、大豆细菌性斑点病1例、大豆炭疽病1例、大豆褐斑病1例、大豆霜霉病1例、大豆靶斑病1例。

【环境摘要】病例记录的平均温度为27.9℃，平均相对湿度为88.0%。精确筛选应回到field_case与case_symptom表执行。"
DOC-SUM-003,2025年7月高淳区大豆病害教学月报,Document,2025年7月高淳区大豆病害教学月报,"【月度概况】2025年7月高淳区共收录大豆教学病例8例。月报记录的是病例总体分布，不替代按症状条件重新统计。

【病害分布】按诊断病害汇总：大豆炭疽病1例、大豆褐斑病1例、大豆霜霉病1例、大豆靶斑病1例、大豆灰斑病1例、大豆锈病1例、大豆疫霉根腐病1例、大豆细菌性斑点病1例。

【环境摘要】病例记录的平均温度为28.1℃，平均相对湿度为87.1%。精确筛选应回到field_case与case_symptom表执行。"
DOC-SUM-004,2025年8月江宁区大豆病害教学月报,Document,2025年8月江宁区大豆病害教学月报,"【月度概况】2025年8月江宁区共收录大豆教学病例8例。月报记录的是病例总体分布，不替代按症状条件重新统计。

【病害分布】按诊断病害汇总：大豆灰斑病1例、大豆锈病1例、大豆疫霉根腐病1例、大豆细菌性斑点病1例、大豆炭疽病1例、大豆褐斑病1例、大豆霜霉病1例、大豆靶斑病1例。

【环境摘要】病例记录的平均温度为29.0℃，平均相对湿度为87.5%。精确筛选应回到field_case与case_symptom表执行。"
DOC-SUM-005,2025年9月溧水区大豆病害教学月报,Document,2025年9月溧水区大豆病害教学月报,"【月度概况】2025年9月溧水区共收录大豆教学病例8例。月报记录的是病例总体分布，不替代按症状条件重新统计。

【病害分布】按诊断病害汇总：大豆炭疽病1例、大豆褐斑病1例、大豆霜霉病1例、大豆靶斑病1例、大豆灰斑病1例、大豆锈病1例、大豆疫霉根腐病1例、大豆细菌性斑点病1例。

【环境摘要】病例记录的平均温度为24.9℃，平均相对湿度为87.9%。精确筛选应回到field_case与case_symptom表执行。"
DOC-SUM-006,2025年6月六合区大豆病害教学月报,Document,2025年6月六合区大豆病害教学月报,"【月度概况】2025年6月六合区共收录大豆教学病例10例。月报记录的是病例总体分布，不替代按症状条件重新统计。

【病害分布】按诊断病害汇总：大豆炭疽病5例、大豆灰斑病5例。

【环境摘要】病例记录的平均温度为26.4℃，平均相对湿度为85.3%。精确筛选应回到field_case与case_symptom表执行。"
DOC-SUM-007,2025年6月浦口区大豆病害教学月报,Document,2025年6月浦口区大豆病害教学月报,"【月度概况】2025年6月浦口区共收录大豆教学病例8例。月报记录的是病例总体分布，不替代按症状条件重新统计。

【病害分布】按诊断病害汇总：大豆灰斑病1例、大豆锈病1例、大豆疫霉根腐病1例、大豆细菌性斑点病1例、大豆炭疽病1例、大豆褐斑病1例、大豆霜霉病1例、大豆靶斑病1例。

【环境摘要】病例记录的平均温度为26.3℃，平均相对湿度为87.9%。精确筛选应回到field_case与case_symptom表执行。"
DOC-SUM-008,2025年8月高淳区大豆病害教学月报,Document,2025年8月高淳区大豆病害教学月报,"【月度概况】2025年8月高淳区共收录大豆教学病例8例。月报记录的是病例总体分布，不替代按症状条件重新统计。

【病害分布】按诊断病害汇总：大豆炭疽病1例、大豆褐斑病1例、大豆霜霉病1例、大豆靶斑病1例、大豆灰斑病1例、大豆锈病1例、大豆疫霉根腐病1例、大豆细菌性斑点病1例。

【环境摘要】病例记录的平均温度为28.7℃，平均相对湿度为87.2%。精确筛选应回到field_case与case_symptom表执行。"
DOC-SUM-009,2025年9月江宁区大豆病害教学月报,Document,2025年9月江宁区大豆病害教学月报,"【月度概况】2025年9月江宁区共收录大豆教学病例8例。月报记录的是病例总体分布，不替代按症状条件重新统计。

【病害分布】按诊断病害汇总：大豆灰斑病1例、大豆锈病1例、大豆疫霉根腐病1例、大豆细菌性斑点病1例、大豆炭疽病1例、大豆褐斑病1例、大豆霜霉病1例、大豆靶斑病1例。

【环境摘要】病例记录的平均温度为24.9℃，平均相对湿度为87.6%。精确筛选应回到field_case与case_symptom表执行。"
DOC-SUM-010,2025年5月溧水区大豆病害教学月报,Document,2025年5月溧水区大豆病害教学月报,"【月度概况】2025年5月溧水区共收录大豆教学病例8例。月报记录的是病例总体分布，不替代按症状条件重新统计。

【病害分布】按诊断病害汇总：大豆炭疽病1例、大豆褐斑病1例、大豆霜霉病1例、大豆靶斑病1例、大豆灰斑病1例、大豆锈病1例、大豆疫霉根腐病1例、大豆细菌性斑点病1例。

【环境摘要】病例记录的平均温度为22.7℃，平均相对湿度为87.4%。精确筛选应回到field_case与case_symptom表执行。"
CASE-2025-0001,CASE-2025-0001,DiseaseCase,CASE-2025-0001,2025-07-01在六合区记录一例大豆叶部或根茎异常。现场观察为棕褐色近圆斑，并伴有深褐色边界，并伴有叶片黄化，并伴有早期落叶，病情评定为中度。记录时温度29.2℃、相对湿度89%。教学标注诊断为大豆褐斑病。
CASE-2025-0002,CASE-2025-0002,DiseaseCase,CASE-2025-0002,2025-07-04在六合区记录一例大豆叶部或根茎异常。现场观察为边缘颜色较深、轮廓接近圆形的棕褐斑块，并伴有病斑边缘深褐，并伴有叶片发黄，并伴有叶片提前脱落，病情评定为中度。记录时温度28.8℃、相对湿度87%。教学标注诊断为大豆褐斑病。
CASE-2025-0003,CASE-2025-0003,DiseaseCase,CASE-2025-0003,2025-07-07在六合区记录一例大豆叶部或根茎异常。现场观察为褐色近圆形病斑，并伴有病斑边缘颜色较深，并伴有叶色变黄，并伴有提前落叶，病情评定为较重。记录时温度28.2℃、相对湿度85%。教学标注诊断为大豆褐斑病。
CASE-2025-0004,CASE-2025-0004,DiseaseCase,CASE-2025-0004,2025-07-10在六合区记录一例大豆叶部或根茎异常。现场观察为棕褐色近圆斑，并伴有深褐色边界，并伴有叶片黄化，并伴有早期落叶，病情评定为轻度。记录时温度27.8℃、相对湿度83%。教学标注诊断为大豆褐斑病。
CASE-2025-0005,CASE-2025-0005,DiseaseCase,CASE-2025-0005,2025-07-13在六合区记录一例大豆叶部或根茎异常。现场观察为边缘颜色较深、轮廓接近圆形的棕褐斑块，并伴有病斑边缘深褐，并伴有叶片发黄，并伴有叶片提前脱落，病情评定为中度。记录时温度27.2℃、相对湿度90%。教学标注诊断为大豆褐斑病。
CASE-2025-0006,CASE-2025-0006,DiseaseCase,CASE-2025-0006,2025-07-16在六合区记录一例大豆叶部或根茎异常。现场观察为褐色近圆形病斑，并伴有病斑边缘颜色较深，并伴有叶色变黄，并伴有提前落叶，病情评定为中度。记录时温度26.8℃、相对湿度88%。教学标注诊断为大豆褐斑病。
CASE-2025-0007,CASE-2025-0007,DiseaseCase,CASE-2025-0007,2025-07-19在六合区记录一例大豆叶部或根茎异常。现场观察为棕褐色近圆斑，并伴有深褐色边界，并伴有叶片黄化，并伴有早期落叶，病情评定为较重。记录时温度29.5℃、相对湿度86%。教学标注诊断为大豆褐斑病。
CASE-2025-0008,CASE-2025-0008,DiseaseCase,CASE-2025-0008,2025-07-22在六合区记录一例大豆叶部或根茎异常。现场观察为边缘颜色较深、轮廓接近圆形的棕褐斑块，并伴有病斑边缘深褐，并伴有叶片发黄，病情评定为轻度。记录时温度29.0℃、相对湿度84%。教学标注诊断为大豆褐斑病。
CASE-2025-0009,CASE-2025-0009,DiseaseCase,CASE-2025-0009,2025-07-25在六合区记录一例大豆叶部或根茎异常。现场观察为褐色近圆形病斑，并伴有病斑边缘颜色较深，并伴有叶色变黄，病情评定为中度。记录时温度28.5℃、相对湿度82%。教学标注诊断为大豆褐斑病。
CASE-2025-0010,CASE-2025-0010,DiseaseCase,CASE-2025-0010,2025-07-28在六合区记录一例大豆叶部或根茎异常。现场观察为棕褐色近圆斑，并伴有深褐色边界，并伴有叶片黄化，病情评定为中度。记录时温度28.0℃、相对湿度89%。教学标注诊断为大豆褐斑病。
CASE-2025-0011,CASE-2025-0011,DiseaseCase,CASE-2025-0011,2025-07-03在六合区记录一例大豆叶部或根茎异常。现场观察为边缘颜色较深、轮廓接近圆形的棕褐斑块，并伴有病斑边缘深褐，并伴有叶片发黄，病情评定为较重。记录时温度27.5℃、相对湿度87%。教学标注诊断为大豆褐斑病。
CASE-2025-0012,CASE-2025-0012,DiseaseCase,CASE-2025-0012,2025-07-06在六合区记录一例大豆叶部或根茎异常。现场观察为褐色近圆形病斑，并伴有病斑边缘颜色较深，病情评定为轻度。记录时温度27.0℃、相对湿度85%。教学标注诊断为大豆褐斑病。
CASE-2025-0013,CASE-2025-0013,DiseaseCase,CASE-2025-0013,2025-07-09在六合区记录一例大豆叶部或根茎异常。现场观察为棕褐色近圆斑，并伴有深褐色边界，病情评定为中度。记录时温度26.5℃、相对湿度83%。教学标注诊断为大豆褐斑病。
CASE-2025-0014,CASE-2025-0014,DiseaseCase,CASE-2025-0014,2025-07-12在六合区记录一例大豆叶部或根茎异常。现场观察为边缘颜色较深、轮廓接近圆形的棕褐斑块，病情评定为中度。记录时温度29.2℃、相对湿度90%。教学标注诊断为大豆褐斑病。
CASE-2025-0015,CASE-2025-0015,DiseaseCase,CASE-2025-0015,2025-07-15在六合区记录一例大豆叶部或根茎异常。现场观察为褐色近圆形病斑，病情评定为较重。记录时温度28.8℃、相对湿度88%。教学标注诊断为大豆褐斑病。
CASE-2025-0016,CASE-2025-0016,DiseaseCase,CASE-2025-0016,2025-07-18在六合区记录一例大豆叶部或根茎异常。现场观察为棕褐色近圆斑，病情评定为轻度。记录时温度28.2℃、相对湿度86%。教学标注诊断为大豆褐斑病。
CASE-2025-0017,CASE-2025-0017,DiseaseCase,CASE-2025-0017,2025-07-21在六合区记录一例大豆叶部或根茎异常。现场观察为边缘颜色较深、轮廓接近圆形的棕褐斑块，病情评定为中度。记录时温度27.8℃、相对湿度84%。教学标注诊断为大豆褐斑病。
CASE-2025-0018,CASE-2025-0018,DiseaseCase,CASE-2025-0018,2025-07-24在六合区记录一例大豆叶部或根茎异常。现场观察为褐色近圆形病斑，病情评定为中度。记录时温度27.2℃、相对湿度82%。教学标注诊断为大豆褐斑病。
CASE-2025-0019,CASE-2025-0019,DiseaseCase,CASE-2025-0019,2025-07-02在六合区记录一例大豆叶部或根茎异常。现场观察为棕褐色近圆斑，并伴有同心环纹，并伴有叶片黄化，病情评定为较重。记录时温度26.8℃、相对湿度88%。教学标注诊断为大豆靶斑病。
CASE-2025-0020,CASE-2025-0020,DiseaseCase,CASE-2025-0020,2025-07-08在六合区记录一例大豆叶部或根茎异常。现场观察为边缘颜色较深、轮廓接近圆形的棕褐斑块，并伴有同心轮纹，并伴有叶片发黄，病情评定为轻度。记录时温度29.5℃、相对湿度86%。教学标注诊断为大豆靶斑病。
CASE-2025-0021,CASE-2025-0021,DiseaseCase,CASE-2025-0021,2025-07-14在六合区记录一例大豆叶部或根茎异常。现场观察为褐色近圆形病斑，并伴有靶纹，病情评定为中度。记录时温度29.0℃、相对湿度84%。教学标注诊断为大豆靶斑病。
CASE-2025-0022,CASE-2025-0022,DiseaseCase,CASE-2025-0022,2025-07-20在六合区记录一例大豆叶部或根茎异常。现场观察为棕褐色近圆斑，并伴有同心环纹，病情评定为中度。记录时温度28.5℃、相对湿度82%。教学标注诊断为大豆靶斑病。
CASE-2025-0023,CASE-2025-0023,DiseaseCase,CASE-2025-0023,2025-07-05在六合区记录一例大豆叶部或根茎异常。现场观察为边缘颜色较深、轮廓接近圆形的棕褐斑块，并伴有角斑水渍状，并伴有黄绿色晕圈，病情评定为较重。记录时温度28.0℃、相对湿度93%。教学标注诊断为大豆细菌性斑点病。
CASE-2025-0024,CASE-2025-0024,DiseaseCase,CASE-2025-0024,2025-07-18在六合区记录一例大豆叶部或根茎异常。现场观察为褐色近圆形病斑，并伴有水渍状角斑，并伴有病斑外缘黄晕，病情评定为轻度。记录时温度27.5℃、相对湿度91%。教学标注诊断为大豆细菌性斑点病。
CASE-2025-0025,CASE-2025-0025,DiseaseCase,CASE-2025-0025,2025-07-04在六合区记录一例大豆叶部或根茎异常。现场观察为灰白斑心，并伴有叶色变黄，病情评定为中度。记录时温度27.0℃、相对湿度82%。教学标注诊断为大豆灰斑病。
CASE-2025-0026,CASE-2025-0026,DiseaseCase,CASE-2025-0026,2025-07-09在六合区记录一例大豆叶部或根茎异常。现场观察为叶面黄斑，并伴有叶背灰白霉层，病情评定为中度。记录时温度26.5℃、相对湿度89%。教学标注诊断为大豆霜霉病。
CASE-2025-0027,CASE-2025-0027,DiseaseCase,CASE-2025-0027,2025-07-14在六合区记录一例大豆叶部或根茎异常。现场观察为叶背褐色小疱，并伴有粉末状物，病情评定为较重。记录时温度29.2℃、相对湿度83%。教学标注诊断为大豆锈病。
CASE-2025-0028,CASE-2025-0028,DiseaseCase,CASE-2025-0028,2025-07-19在六合区记录一例大豆叶部或根茎异常。现场观察为凹陷坏死斑，并伴有豆荚条形病斑，病情评定为轻度。记录时温度28.8℃、相对湿度91%。教学标注诊断为大豆炭疽病。
CASE-2025-0029,CASE-2025-0029,DiseaseCase,CASE-2025-0029,2025-07-24在六合区记录一例大豆叶部或根茎异常。现场观察为近地面茎部变暗，并伴有根系腐烂萎蔫，病情评定为中度。记录时温度28.2℃、相对湿度93%。教学标注诊断为大豆疫霉根腐病。
CASE-2025-0030,CASE-2025-0030,DiseaseCase,CASE-2025-0030,2025-07-01在六合区记录一例大豆叶部或根茎异常。现场观察为灰白中心紫褐边缘，并伴有叶片发黄，病情评定为中度。记录时温度27.8℃、相对湿度81%。教学标注诊断为大豆灰斑病。
CASE-2025-0031,CASE-2025-0031,DiseaseCase,CASE-2025-0031,2025-07-06在六合区记录一例大豆叶部或根茎异常。现场观察为叶片淡黄色斑块，并伴有灰白色霉状物，病情评定为较重。记录时温度27.2℃、相对湿度88%。教学标注诊断为大豆霜霉病。
CASE-2025-0032,CASE-2025-0032,DiseaseCase,CASE-2025-0032,2025-07-11在六合区记录一例大豆叶部或根茎异常。现场观察为叶背小疱斑，并伴有粉末状孢子，病情评定为轻度。记录时温度26.8℃、相对湿度91%。教学标注诊断为大豆锈病。
CASE-2025-0033,CASE-2025-0033,DiseaseCase,CASE-2025-0033,2025-07-16在六合区记录一例大豆叶部或根茎异常。现场观察为黑褐色凹陷斑，并伴有茎部条斑，病情评定为中度。记录时温度29.5℃、相对湿度90%。教学标注诊断为大豆炭疽病。
CASE-2025-0034,CASE-2025-0034,DiseaseCase,CASE-2025-0034,2025-07-21在六合区记录一例大豆叶部或根茎异常。现场观察为茎基部褐变，并伴有植株萎蔫，病情评定为中度。记录时温度29.0℃、相对湿度92%。教学标注诊断为大豆疫霉根腐病。
CASE-2025-0035,CASE-2025-0035,DiseaseCase,CASE-2025-0035,2025-07-26在六合区记录一例大豆叶部或根茎异常。现场观察为紫褐色斑缘，并伴有叶片黄化，病情评定为较重。记录时温度28.5℃、相对湿度80%。教学标注诊断为大豆灰斑病。
CASE-2025-0036,CASE-2025-0036,DiseaseCase,CASE-2025-0036,2025-07-03在六合区记录一例大豆叶部或根茎异常。现场观察为叶面淡黄斑，并伴有叶背霉层，病情评定为轻度。记录时温度28.0℃、相对湿度87%。教学标注诊断为大豆霜霉病。
CASE-2025-0037,CASE-2025-0037,DiseaseCase,CASE-2025-0037,2025-07-08在六合区记录一例大豆叶部或根茎异常。现场观察为褐色孢子堆，并伴有孢子粉，病情评定为中度。记录时温度27.5℃、相对湿度90%。教学标注诊断为大豆锈病。
CASE-2025-0038,CASE-2025-0038,DiseaseCase,CASE-2025-0038,2025-07-13在六合区记录一例大豆叶部或根茎异常。现场观察为黑褐色下陷病斑，并伴有茎荚条状病斑，病情评定为中度。记录时温度27.0℃、相对湿度89%。教学标注诊断为大豆炭疽病。
CASE-2025-0039,CASE-2025-0039,DiseaseCase,CASE-2025-0039,2025-07-18在六合区记录一例大豆叶部或根茎异常。现场观察为茎基部暗褐变，并伴有根腐，病情评定为较重。记录时温度26.5℃、相对湿度91%。教学标注诊断为大豆疫霉根腐病。
CASE-2025-0040,CASE-2025-0040,DiseaseCase,CASE-2025-0040,2025-07-23在六合区记录一例大豆叶部或根茎异常。现场观察为灰白斑心，并伴有叶色变黄，病情评定为轻度。记录时温度29.2℃、相对湿度79%。教学标注诊断为大豆灰斑病。
CASE-2025-0041,CASE-2025-0041,DiseaseCase,CASE-2025-0041,2025-05-01在六合区记录一例大豆叶部或根茎异常。现场观察为黑褐色下陷病斑，并伴有茎荚条状病斑，并伴有叶片发黄，病情评定为中度。记录时温度23.8℃、相对湿度92%。教学标注诊断为大豆炭疽病。
CASE-2025-0042,CASE-2025-0042,DiseaseCase,CASE-2025-0042,2025-05-11在浦口区记录一例大豆叶部或根茎异常。现场观察为灰白中心紫褐边缘，并伴有叶片发黄，病情评定为中度。记录时温度23.2℃、相对湿度84%。教学标注诊断为大豆灰斑病。
CASE-2025-0043,CASE-2025-0043,DiseaseCase,CASE-2025-0043,2025-05-21在高淳区记录一例大豆叶部或根茎异常。现场观察为凹陷坏死斑，并伴有豆荚条形病斑，病情评定为较重。记录时温度22.8℃、相对湿度88%。教学标注诊断为大豆炭疽病。
CASE-2025-0044,CASE-2025-0044,DiseaseCase,CASE-2025-0044,2025-05-03在江宁区记录一例大豆叶部或根茎异常。现场观察为紫褐色斑缘，并伴有叶片黄化，病情评定为轻度。记录时温度22.2℃、相对湿度80%。教学标注诊断为大豆灰斑病。
CASE-2025-0045,CASE-2025-0045,DiseaseCase,CASE-2025-0045,2025-05-13在溧水区记录一例大豆叶部或根茎异常。现场观察为黑褐色凹陷斑，并伴有茎部条斑，并伴有叶色变黄，病情评定为中度。记录时温度21.8℃、相对湿度84%。教学标注诊断为大豆炭疽病。
CASE-2025-0046,CASE-2025-0046,DiseaseCase,CASE-2025-0046,2025-06-08在六合区记录一例大豆叶部或根茎异常。现场观察为凹陷坏死斑，并伴有豆荚条形病斑，病情评定为中度。记录时温度27.5℃、相对湿度91%。教学标注诊断为大豆炭疽病。
CASE-2025-0047,CASE-2025-0047,DiseaseCase,CASE-2025-0047,2025-06-18在浦口区记录一例大豆叶部或根茎异常。现场观察为紫褐色斑缘，并伴有叶片黄化，病情评定为较重。记录时温度27.0℃、相对湿度83%。教学标注诊断为大豆灰斑病。
CASE-2025-0048,CASE-2025-0048,DiseaseCase,CASE-2025-0048,2025-06-28在高淳区记录一例大豆叶部或根茎异常。现场观察为黑褐色凹陷斑，并伴有茎部条斑，病情评定为轻度。记录时温度26.5℃、相对湿度87%。教学标注诊断为大豆炭疽病。
CASE-2025-0049,CASE-2025-0049,DiseaseCase,CASE-2025-0049,2025-06-10在江宁区记录一例大豆叶部或根茎异常。现场观察为灰白斑心，并伴有叶色变黄，病情评定为中度。记录时温度26.0℃、相对湿度79%。教学标注诊断为大豆灰斑病。
CASE-2025-0050,CASE-2025-0050,DiseaseCase,CASE-2025-0050,2025-06-20在溧水区记录一例大豆叶部或根茎异常。现场观察为黑褐色下陷病斑，并伴有茎荚条状病斑，病情评定为中度。记录时温度25.5℃、相对湿度92%。教学标注诊断为大豆炭疽病。
CASE-2025-0051,CASE-2025-0051,DiseaseCase,CASE-2025-0051,2025-08-15在六合区记录一例大豆叶部或根茎异常。现场观察为褐色近圆形病斑，并伴有靶纹，病情评定为较重。记录时温度28.0℃、相对湿度87%。教学标注诊断为大豆靶斑病。
CASE-2025-0052,CASE-2025-0052,DiseaseCase,CASE-2025-0052,2025-07-25在浦口区记录一例大豆叶部或根茎异常。现场观察为灰白斑心，并伴有叶色变黄，病情评定为轻度。记录时温度26.5℃、相对湿度82%。教学标注诊断为大豆灰斑病。
CASE-2025-0053,CASE-2025-0053,DiseaseCase,CASE-2025-0053,2025-07-07在高淳区记录一例大豆叶部或根茎异常。现场观察为黑褐色下陷病斑，并伴有茎荚条状病斑，并伴有叶片发黄，病情评定为中度。记录时温度29.2℃、相对湿度86%。教学标注诊断为大豆炭疽病。
CASE-2025-0054,CASE-2025-0054,DiseaseCase,CASE-2025-0054,2025-07-17在江宁区记录一例大豆叶部或根茎异常。现场观察为灰白中心紫褐边缘，并伴有叶片发黄，病情评定为中度。记录时温度28.8℃、相对湿度78%。教学标注诊断为大豆灰斑病。
CASE-2025-0055,CASE-2025-0055,DiseaseCase,CASE-2025-0055,2025-07-27在溧水区记录一例大豆叶部或根茎异常。现场观察为凹陷坏死斑，并伴有豆荚条形病斑，病情评定为较重。记录时温度28.2℃、相对湿度91%。教学标注诊断为大豆炭疽病。
CASE-2025-0056,CASE-2025-0056,DiseaseCase,CASE-2025-0056,2025-09-22在六合区记录一例大豆叶部或根茎异常。现场观察为边缘颜色较深、轮廓接近圆形的棕褐斑块，并伴有同心轮纹，病情评定为轻度。记录时温度24.8℃、相对湿度86%。教学标注诊断为大豆靶斑病。
CASE-2025-0057,CASE-2025-0057,DiseaseCase,CASE-2025-0057,2025-08-04在浦口区记录一例大豆叶部或根茎异常。现场观察为灰白中心紫褐边缘，并伴有叶片发黄，病情评定为中度。记录时温度28.2℃、相对湿度81%。教学标注诊断为大豆灰斑病。
CASE-2025-0058,CASE-2025-0058,DiseaseCase,CASE-2025-0058,2025-08-14在高淳区记录一例大豆叶部或根茎异常。现场观察为凹陷坏死斑，并伴有豆荚条形病斑，病情评定为中度。记录时温度27.8℃、相对湿度85%。教学标注诊断为大豆炭疽病。
CASE-2025-0059,CASE-2025-0059,DiseaseCase,CASE-2025-0059,2025-08-24在江宁区记录一例大豆叶部或根茎异常。现场观察为紫褐色斑缘，并伴有叶片黄化，病情评定为较重。记录时温度30.5℃、相对湿度86%。教学标注诊断为大豆灰斑病。
CASE-2025-0060,CASE-2025-0060,DiseaseCase,CASE-2025-0060,2025-08-06在溧水区记录一例大豆叶部或根茎异常。现场观察为黑褐色凹陷斑，并伴有茎部条斑，病情评定为轻度。记录时温度30.0℃、相对湿度90%。教学标注诊断为大豆炭疽病。
CASE-2025-0061,CASE-2025-0061,DiseaseCase,CASE-2025-0061,2025-05-01在六合区记录一例大豆叶部或根茎异常。现场观察为灰白斑心，并伴有叶色变黄，病情评定为中度。记录时温度23.5℃、相对湿度82%。教学标注诊断为大豆灰斑病。
CASE-2025-0062,CASE-2025-0062,DiseaseCase,CASE-2025-0062,2025-09-11在浦口区记录一例大豆叶部或根茎异常。现场观察为紫褐色斑缘，并伴有叶片黄化，病情评定为中度。记录时温度25.0℃、相对湿度80%。教学标注诊断为大豆灰斑病。
CASE-2025-0063,CASE-2025-0063,DiseaseCase,CASE-2025-0063,2025-09-21在高淳区记录一例大豆叶部或根茎异常。现场观察为黑褐色凹陷斑，并伴有茎部条斑，病情评定为较重。记录时温度24.5℃、相对湿度84%。教学标注诊断为大豆炭疽病。
CASE-2025-0064,CASE-2025-0064,DiseaseCase,CASE-2025-0064,2025-09-03在江宁区记录一例大豆叶部或根茎异常。现场观察为灰白斑心，并伴有叶色变黄，病情评定为轻度。记录时温度24.0℃、相对湿度85%。教学标注诊断为大豆灰斑病。
CASE-2025-0065,CASE-2025-0065,DiseaseCase,CASE-2025-0065,2025-09-13在溧水区记录一例大豆叶部或根茎异常。现场观察为黑褐色下陷病斑，并伴有茎荚条状病斑，并伴有叶片发黄，病情评定为中度。记录时温度23.5℃、相对湿度89%。教学标注诊断为大豆炭疽病。
CASE-2025-0066,CASE-2025-0066,DiseaseCase,CASE-2025-0066,2025-06-08在六合区记录一例大豆叶部或根茎异常。现场观察为灰白中心紫褐边缘，并伴有叶片发黄，病情评定为中度。记录时温度27.2℃、相对湿度81%。教学标注诊断为大豆灰斑病。
CASE-2025-0067,CASE-2025-0067,DiseaseCase,CASE-2025-0067,2025-05-18在浦口区记录一例大豆叶部或根茎异常。现场观察为褐色孢子堆，并伴有孢子粉，病情评定为较重。记录时温度23.8℃、相对湿度84%。教学标注诊断为大豆锈病。
CASE-2025-0068,CASE-2025-0068,DiseaseCase,CASE-2025-0068,2025-05-28在高淳区记录一例大豆叶部或根茎异常。现场观察为边缘颜色较深、轮廓接近圆形的棕褐斑块，并伴有病斑边缘深褐，病情评定为轻度。记录时温度23.2℃、相对湿度90%。教学标注诊断为大豆褐斑病。
CASE-2025-0069,CASE-2025-0069,DiseaseCase,CASE-2025-0069,2025-05-10在江宁区记录一例大豆叶部或根茎异常。现场观察为叶背褐色小疱，并伴有粉末状物，并伴有叶色变黄，病情评定为中度。记录时温度22.8℃、相对湿度89%。教学标注诊断为大豆锈病。
CASE-2025-0070,CASE-2025-0070,DiseaseCase,CASE-2025-0070,2025-05-20在溧水区记录一例大豆叶部或根茎异常。现场观察为棕褐色近圆斑，并伴有深褐色边界，病情评定为中度。记录时温度22.2℃、相对湿度86%。教学标注诊断为大豆褐斑病。
CASE-2025-0071,CASE-2025-0071,DiseaseCase,CASE-2025-0071,2025-08-15在六合区记录一例大豆叶部或根茎异常。现场观察为受叶脉限制的角形斑，并伴有黄色晕圈，病情评定为较重。记录时温度27.8℃、相对湿度87%。教学标注诊断为大豆细菌性斑点病。
CASE-2025-0072,CASE-2025-0072,DiseaseCase,CASE-2025-0072,2025-06-25在浦口区记录一例大豆叶部或根茎异常。现场观察为叶背褐色小疱，并伴有粉末状物，病情评定为轻度。记录时温度27.5℃、相对湿度83%。教学标注诊断为大豆锈病。
CASE-2025-0073,CASE-2025-0073,DiseaseCase,CASE-2025-0073,2025-06-07在高淳区记录一例大豆叶部或根茎异常。现场观察为棕褐色近圆斑，并伴有深褐色边界，并伴有叶片黄化，病情评定为中度。记录时温度27.0℃、相对湿度89%。教学标注诊断为大豆褐斑病。
CASE-2025-0074,CASE-2025-0074,DiseaseCase,CASE-2025-0074,2025-06-17在江宁区记录一例大豆叶部或根茎异常。现场观察为叶背小疱斑，并伴有粉末状孢子，病情评定为中度。记录时温度26.5℃、相对湿度88%。教学标注诊断为大豆锈病。
CASE-2025-0075,CASE-2025-0075,DiseaseCase,CASE-2025-0075,2025-06-27在溧水区记录一例大豆叶部或根茎异常。现场观察为褐色近圆形病斑，并伴有病斑边缘颜色较深，病情评定为较重。记录时温度26.0℃、相对湿度85%。教学标注诊断为大豆褐斑病。
CASE-2025-0076,CASE-2025-0076,DiseaseCase,CASE-2025-0076,2025-09-22在六合区记录一例大豆叶部或根茎异常。现场观察为水渍状角斑，并伴有病斑外缘黄晕，病情评定为轻度。记录时温度24.5℃、相对湿度86%。教学标注诊断为大豆细菌性斑点病。
CASE-2025-0077,CASE-2025-0077,DiseaseCase,CASE-2025-0077,2025-07-04在浦口区记录一例大豆叶部或根茎异常。现场观察为叶背小疱斑，并伴有粉末状孢子，并伴有叶片发黄，病情评定为中度。记录时温度27.0℃、相对湿度91%。教学标注诊断为大豆锈病。
CASE-2025-0078,CASE-2025-0078,DiseaseCase,CASE-2025-0078,2025-07-14在高淳区记录一例大豆叶部或根茎异常。现场观察为褐色近圆形病斑，并伴有病斑边缘颜色较深，病情评定为中度。记录时温度26.5℃、相对湿度88%。教学标注诊断为大豆褐斑病。
CASE-2025-0079,CASE-2025-0079,DiseaseCase,CASE-2025-0079,2025-07-24在江宁区记录一例大豆叶部或根茎异常。现场观察为褐色孢子堆，并伴有孢子粉，病情评定为较重。记录时温度29.2℃、相对湿度87%。教学标注诊断为大豆锈病。
CASE-2025-0080,CASE-2025-0080,DiseaseCase,CASE-2025-0080,2025-07-06在溧水区记录一例大豆叶部或根茎异常。现场观察为边缘颜色较深、轮廓接近圆形的棕褐斑块，并伴有病斑边缘深褐，病情评定为轻度。记录时温度28.8℃、相对湿度84%。教学标注诊断为大豆褐斑病。
CASE-2025-0081,CASE-2025-0081,DiseaseCase,CASE-2025-0081,2025-05-01在六合区记录一例大豆叶部或根茎异常。现场观察为黑褐色凹陷斑，并伴有茎部条斑，并伴有叶色变黄，病情评定为中度。记录时温度23.2℃、相对湿度84%。教学标注诊断为大豆炭疽病。
CASE-2025-0082,CASE-2025-0082,DiseaseCase,CASE-2025-0082,2025-08-11在浦口区记录一例大豆叶部或根茎异常。现场观察为褐色孢子堆，并伴有孢子粉，病情评定为中度。记录时温度28.8℃、相对湿度90%。教学标注诊断为大豆锈病。
CASE-2025-0083,CASE-2025-0083,DiseaseCase,CASE-2025-0083,2025-08-21在高淳区记录一例大豆叶部或根茎异常。现场观察为边缘颜色较深、轮廓接近圆形的棕褐斑块，并伴有病斑边缘深褐，病情评定为较重。记录时温度28.2℃、相对湿度87%。教学标注诊断为大豆褐斑病。
CASE-2025-0084,CASE-2025-0084,DiseaseCase,CASE-2025-0084,2025-08-03在江宁区记录一例大豆叶部或根茎异常。现场观察为叶背褐色小疱，并伴有粉末状物，病情评定为轻度。记录时温度27.8℃、相对湿度86%。教学标注诊断为大豆锈病。
CASE-2025-0085,CASE-2025-0085,DiseaseCase,CASE-2025-0085,2025-08-13在溧水区记录一例大豆叶部或根茎异常。现场观察为棕褐色近圆斑，并伴有深褐色边界，并伴有叶片黄化，病情评定为中度。记录时温度30.5℃、相对湿度83%。教学标注诊断为大豆褐斑病。
CASE-2025-0086,CASE-2025-0086,DiseaseCase,CASE-2025-0086,2025-06-08在六合区记录一例大豆叶部或根茎异常。现场观察为黑褐色下陷病斑，并伴有茎荚条状病斑，病情评定为中度。记录时温度27.0℃、相对湿度92%。教学标注诊断为大豆炭疽病。
CASE-2025-0087,CASE-2025-0087,DiseaseCase,CASE-2025-0087,2025-09-18在浦口区记录一例大豆叶部或根茎异常。现场观察为叶背褐色小疱，并伴有粉末状物，病情评定为较重。记录时温度25.5℃、相对湿度89%。教学标注诊断为大豆锈病。
CASE-2025-0088,CASE-2025-0088,DiseaseCase,CASE-2025-0088,2025-09-28在高淳区记录一例大豆叶部或根茎异常。现场观察为棕褐色近圆斑，并伴有深褐色边界，病情评定为轻度。记录时温度25.0℃、相对湿度86%。教学标注诊断为大豆褐斑病。
CASE-2025-0089,CASE-2025-0089,DiseaseCase,CASE-2025-0089,2025-09-10在江宁区记录一例大豆叶部或根茎异常。现场观察为叶背小疱斑，并伴有粉末状孢子，并伴有叶片发黄，病情评定为中度。记录时温度24.5℃、相对湿度85%。教学标注诊断为大豆锈病。
CASE-2025-0090,CASE-2025-0090,DiseaseCase,CASE-2025-0090,2025-09-20在溧水区记录一例大豆叶部或根茎异常。现场观察为褐色近圆形病斑，并伴有病斑边缘颜色较深，病情评定为中度。记录时温度24.0℃、相对湿度82%。教学标注诊断为大豆褐斑病。
CASE-2025-0091,CASE-2025-0091,DiseaseCase,CASE-2025-0091,2025-08-15在六合区记录一例大豆叶部或根茎异常。现场观察为棕褐色近圆斑，并伴有同心环纹，病情评定为较重。记录时温度27.5℃、相对湿度88%。教学标注诊断为大豆靶斑病。
CASE-2025-0092,CASE-2025-0092,DiseaseCase,CASE-2025-0092,2025-05-25在浦口区记录一例大豆叶部或根茎异常。现场观察为近地面茎部变暗，并伴有根系腐烂萎蔫，病情评定为轻度。记录时温度24.2℃、相对湿度93%。教学标注诊断为大豆疫霉根腐病。
CASE-2025-0093,CASE-2025-0093,DiseaseCase,CASE-2025-0093,2025-05-07在高淳区记录一例大豆叶部或根茎异常。现场观察为叶面淡黄斑，并伴有叶背霉层，并伴有叶色变黄，病情评定为中度。记录时温度23.8℃、相对湿度90%。教学标注诊断为大豆霜霉病。
CASE-2025-0094,CASE-2025-0094,DiseaseCase,CASE-2025-0094,2025-05-17在江宁区记录一例大豆叶部或根茎异常。现场观察为茎基部褐变，并伴有植株萎蔫，病情评定为中度。记录时温度23.2℃、相对湿度89%。教学标注诊断为大豆疫霉根腐病。
CASE-2025-0095,CASE-2025-0095,DiseaseCase,CASE-2025-0095,2025-05-27在溧水区记录一例大豆叶部或根茎异常。现场观察为叶面黄斑，并伴有叶背灰白霉层，病情评定为较重。记录时温度22.8℃、相对湿度95%。教学标注诊断为大豆霜霉病。
CASE-2025-0096,CASE-2025-0096,DiseaseCase,CASE-2025-0096,2025-09-22在六合区记录一例大豆叶部或根茎异常。现场观察为褐色近圆形病斑，并伴有靶纹，病情评定为轻度。记录时温度24.2℃、相对湿度87%。教学标注诊断为大豆靶斑病。
CASE-2025-0097,CASE-2025-0097,DiseaseCase,CASE-2025-0097,2025-06-04在浦口区记录一例大豆叶部或根茎异常。现场观察为茎基部褐变，并伴有植株萎蔫，病情评定为中度。记录时温度24.8℃、相对湿度92%。教学标注诊断为大豆疫霉根腐病。
CASE-2025-0098,CASE-2025-0098,DiseaseCase,CASE-2025-0098,2025-06-14在高淳区记录一例大豆叶部或根茎异常。现场观察为叶面黄斑，并伴有叶背灰白霉层，病情评定为中度。记录时温度27.5℃、相对湿度89%。教学标注诊断为大豆霜霉病。
CASE-2025-0099,CASE-2025-0099,DiseaseCase,CASE-2025-0099,2025-06-24在江宁区记录一例大豆叶部或根茎异常。现场观察为茎基部暗褐变，并伴有根腐，病情评定为较重。记录时温度27.0℃、相对湿度88%。教学标注诊断为大豆疫霉根腐病。
CASE-2025-0100,CASE-2025-0100,DiseaseCase,CASE-2025-0100,2025-06-06在溧水区记录一例大豆叶部或根茎异常。现场观察为叶片淡黄色斑块，并伴有灰白色霉状物，病情评定为轻度。记录时温度26.5℃、相对湿度94%。教学标注诊断为大豆霜霉病。
CASE-2025-0101,CASE-2025-0101,DiseaseCase,CASE-2025-0101,2025-05-01在六合区记录一例大豆叶部或根茎异常。现场观察为紫褐色斑缘，并伴有叶片黄化，病情评定为中度。记录时温度23.0℃、相对湿度83%。教学标注诊断为大豆灰斑病。
CASE-2025-0102,CASE-2025-0102,DiseaseCase,CASE-2025-0102,2025-07-11在浦口区记录一例大豆叶部或根茎异常。现场观察为茎基部暗褐变，并伴有根腐，病情评定为中度。记录时温度27.5℃、相对湿度91%。教学标注诊断为大豆疫霉根腐病。
CASE-2025-0103,CASE-2025-0103,DiseaseCase,CASE-2025-0103,2025-07-21在高淳区记录一例大豆叶部或根茎异常。现场观察为叶片淡黄色斑块，并伴有灰白色霉状物，病情评定为较重。记录时温度27.0℃、相对湿度88%。教学标注诊断为大豆霜霉病。
CASE-2025-0104,CASE-2025-0104,DiseaseCase,CASE-2025-0104,2025-07-03在江宁区记录一例大豆叶部或根茎异常。现场观察为近地面茎部变暗，并伴有根系腐烂萎蔫，病情评定为轻度。记录时温度26.5℃、相对湿度96%。教学标注诊断为大豆疫霉根腐病。
CASE-2025-0105,CASE-2025-0105,DiseaseCase,CASE-2025-0105,2025-07-13在溧水区记录一例大豆叶部或根茎异常。现场观察为叶面淡黄斑，并伴有叶背霉层，并伴有叶色变黄，病情评定为中度。记录时温度29.2℃、相对湿度93%。教学标注诊断为大豆霜霉病。
CASE-2025-0106,CASE-2025-0106,DiseaseCase,CASE-2025-0106,2025-06-08在六合区记录一例大豆叶部或根茎异常。现场观察为灰白斑心，并伴有叶色变黄，病情评定为中度。记录时温度26.8℃、相对湿度82%。教学标注诊断为大豆灰斑病。
CASE-2025-0107,CASE-2025-0107,DiseaseCase,CASE-2025-0107,2025-08-18在浦口区记录一例大豆叶部或根茎异常。现场观察为近地面茎部变暗，并伴有根系腐烂萎蔫，病情评定为较重。记录时温度29.2℃、相对湿度90%。教学标注诊断为大豆疫霉根腐病。
CASE-2025-0108,CASE-2025-0108,DiseaseCase,CASE-2025-0108,2025-08-28在高淳区记录一例大豆叶部或根茎异常。现场观察为叶面淡黄斑，并伴有叶背霉层，病情评定为轻度。记录时温度28.8℃、相对湿度87%。教学标注诊断为大豆霜霉病。
CASE-2025-0109,CASE-2025-0109,DiseaseCase,CASE-2025-0109,2025-08-10在江宁区记录一例大豆叶部或根茎异常。现场观察为茎基部褐变，并伴有植株萎蔫，病情评定为中度。记录时温度28.2℃、相对湿度95%。教学标注诊断为大豆疫霉根腐病。
CASE-2025-0110,CASE-2025-0110,DiseaseCase,CASE-2025-0110,2025-08-20在溧水区记录一例大豆叶部或根茎异常。现场观察为叶面黄斑，并伴有叶背灰白霉层，病情评定为中度。记录时温度27.8℃、相对湿度92%。教学标注诊断为大豆霜霉病。
CASE-2025-0111,CASE-2025-0111,DiseaseCase,CASE-2025-0111,2025-08-15在六合区记录一例大豆叶部或根茎异常。现场观察为角斑水渍状，并伴有黄绿色晕圈，病情评定为较重。记录时温度30.5℃、相对湿度88%。教学标注诊断为大豆细菌性斑点病。
CASE-2025-0112,CASE-2025-0112,DiseaseCase,CASE-2025-0112,2025-09-25在浦口区记录一例大豆叶部或根茎异常。现场观察为茎基部褐变，并伴有植株萎蔫，病情评定为轻度。记录时温度26.0℃、相对湿度89%。教学标注诊断为大豆疫霉根腐病。
CASE-2025-0113,CASE-2025-0113,DiseaseCase,CASE-2025-0113,2025-09-07在高淳区记录一例大豆叶部或根茎异常。现场观察为叶面黄斑，并伴有叶背灰白霉层，并伴有叶片发黄，病情评定为中度。记录时温度25.5℃、相对湿度95%。教学标注诊断为大豆霜霉病。
CASE-2025-0114,CASE-2025-0114,DiseaseCase,CASE-2025-0114,2025-09-17在江宁区记录一例大豆叶部或根茎异常。现场观察为茎基部暗褐变，并伴有根腐，病情评定为中度。记录时温度25.0℃、相对湿度94%。教学标注诊断为大豆疫霉根腐病。
CASE-2025-0115,CASE-2025-0115,DiseaseCase,CASE-2025-0115,2025-09-27在溧水区记录一例大豆叶部或根茎异常。现场观察为叶片淡黄色斑块，并伴有灰白色霉状物，病情评定为较重。记录时温度24.5℃、相对湿度91%。教学标注诊断为大豆霜霉病。
CASE-2025-0116,CASE-2025-0116,DiseaseCase,CASE-2025-0116,2025-09-22在六合区记录一例大豆叶部或根茎异常。现场观察为受叶脉限制的角形斑，并伴有黄色晕圈，病情评定为轻度。记录时温度24.0℃、相对湿度87%。教学标注诊断为大豆细菌性斑点病。
CASE-2025-0117,CASE-2025-0117,DiseaseCase,CASE-2025-0117,2025-05-04在浦口区记录一例大豆叶部或根茎异常。现场观察为角斑水渍状，并伴有黄绿色晕圈，并伴有叶色变黄，病情评定为中度。记录时温度21.5℃、相对湿度85%。教学标注诊断为大豆细菌性斑点病。
CASE-2025-0118,CASE-2025-0118,DiseaseCase,CASE-2025-0118,2025-05-14在高淳区记录一例大豆叶部或根茎异常。现场观察为棕褐色近圆斑，并伴有同心环纹，病情评定为中度。记录时温度24.2℃、相对湿度88%。教学标注诊断为大豆靶斑病。
CASE-2025-0119,CASE-2025-0119,DiseaseCase,CASE-2025-0119,2025-05-24在江宁区记录一例大豆叶部或根茎异常。现场观察为受叶脉限制的角形斑，并伴有黄色晕圈，病情评定为较重。记录时温度23.8℃、相对湿度90%。教学标注诊断为大豆细菌性斑点病。
CASE-2025-0120,CASE-2025-0120,DiseaseCase,CASE-2025-0120,2025-05-06在溧水区记录一例大豆叶部或根茎异常。现场观察为褐色近圆形病斑，并伴有靶纹，病情评定为轻度。记录时温度23.2℃、相对湿度84%。教学标注诊断为大豆靶斑病。
CASE-2025-0121,CASE-2025-0121,DiseaseCase,CASE-2025-0121,2025-05-01在六合区记录一例大豆叶部或根茎异常。现场观察为凹陷坏死斑，并伴有豆荚条形病斑，并伴有叶片黄化，病情评定为中度。记录时温度22.8℃、相对湿度85%。教学标注诊断为大豆炭疽病。
CASE-2025-0122,CASE-2025-0122,DiseaseCase,CASE-2025-0122,2025-06-11在浦口区记录一例大豆叶部或根茎异常。现场观察为受叶脉限制的角形斑，并伴有黄色晕圈，病情评定为中度。记录时温度25.2℃、相对湿度93%。教学标注诊断为大豆细菌性斑点病。
CASE-2025-0123,CASE-2025-0123,DiseaseCase,CASE-2025-0123,2025-06-21在高淳区记录一例大豆叶部或根茎异常。现场观察为褐色近圆形病斑，并伴有靶纹，病情评定为较重。记录时温度24.8℃、相对湿度87%。教学标注诊断为大豆靶斑病。
CASE-2025-0124,CASE-2025-0124,DiseaseCase,CASE-2025-0124,2025-06-03在江宁区记录一例大豆叶部或根茎异常。现场观察为水渍状角斑，并伴有病斑外缘黄晕，病情评定为轻度。记录时温度27.5℃、相对湿度89%。教学标注诊断为大豆细菌性斑点病。
CASE-2025-0125,CASE-2025-0125,DiseaseCase,CASE-2025-0125,2025-06-13在溧水区记录一例大豆叶部或根茎异常。现场观察为边缘颜色较深、轮廓接近圆形的棕褐斑块，并伴有同心轮纹，并伴有叶片发黄，病情评定为中度。记录时温度27.0℃、相对湿度83%。教学标注诊断为大豆靶斑病。
CASE-2025-0126,CASE-2025-0126,DiseaseCase,CASE-2025-0126,2025-06-08在六合区记录一例大豆叶部或根茎异常。现场观察为黑褐色凹陷斑，并伴有茎部条斑，病情评定为中度。记录时温度26.5℃、相对湿度84%。教学标注诊断为大豆炭疽病。
CASE-2025-0127,CASE-2025-0127,DiseaseCase,CASE-2025-0127,2025-07-18在浦口区记录一例大豆叶部或根茎异常。现场观察为水渍状角斑，并伴有病斑外缘黄晕，病情评定为较重。记录时温度28.0℃、相对湿度92%。教学标注诊断为大豆细菌性斑点病。
CASE-2025-0128,CASE-2025-0128,DiseaseCase,CASE-2025-0128,2025-07-28在高淳区记录一例大豆叶部或根茎异常。现场观察为边缘颜色较深、轮廓接近圆形的棕褐斑块，并伴有同心轮纹，病情评定为轻度。记录时温度27.5℃、相对湿度86%。教学标注诊断为大豆靶斑病。
CASE-2025-0129,CASE-2025-0129,DiseaseCase,CASE-2025-0129,2025-07-10在江宁区记录一例大豆叶部或根茎异常。现场观察为角斑水渍状，并伴有黄绿色晕圈，并伴有叶色变黄，病情评定为中度。记录时温度27.0℃、相对湿度88%。教学标注诊断为大豆细菌性斑点病。
CASE-2025-0130,CASE-2025-0130,DiseaseCase,CASE-2025-0130,2025-07-20在溧水区记录一例大豆叶部或根茎异常。现场观察为棕褐色近圆斑，并伴有同心环纹，病情评定为中度。记录时温度26.5℃、相对湿度82%。教学标注诊断为大豆靶斑病。
CASE-2025-0131,CASE-2025-0131,DiseaseCase,CASE-2025-0131,2025-08-15在六合区记录一例大豆叶部或根茎异常。现场观察为边缘颜色较深、轮廓接近圆形的棕褐斑块，并伴有同心轮纹，病情评定为较重。记录时温度30.2℃、相对湿度89%。教学标注诊断为大豆靶斑病。
CASE-2025-0132,CASE-2025-0132,DiseaseCase,CASE-2025-0132,2025-08-25在浦口区记录一例大豆叶部或根茎异常。现场观察为角斑水渍状，并伴有黄绿色晕圈，病情评定为轻度。记录时温度29.8℃、相对湿度91%。教学标注诊断为大豆细菌性斑点病。
CASE-2025-0133,CASE-2025-0133,DiseaseCase,CASE-2025-0133,2025-08-07在高淳区记录一例大豆叶部或根茎异常。现场观察为棕褐色近圆斑，并伴有同心环纹，并伴有叶片黄化，病情评定为中度。记录时温度29.2℃、相对湿度85%。教学标注诊断为大豆靶斑病。
CASE-2025-0134,CASE-2025-0134,DiseaseCase,CASE-2025-0134,2025-08-17在江宁区记录一例大豆叶部或根茎异常。现场观察为受叶脉限制的角形斑，并伴有黄色晕圈，病情评定为中度。记录时温度28.8℃、相对湿度87%。教学标注诊断为大豆细菌性斑点病。
CASE-2025-0135,CASE-2025-0135,DiseaseCase,CASE-2025-0135,2025-08-27在溧水区记录一例大豆叶部或根茎异常。现场观察为褐色近圆形病斑，并伴有靶纹，病情评定为较重。记录时温度28.2℃、相对湿度81%。教学标注诊断为大豆靶斑病。
CASE-2025-0136,CASE-2025-0136,DiseaseCase,CASE-2025-0136,2025-09-22在六合区记录一例大豆叶部或根茎异常。现场观察为棕褐色近圆斑，并伴有同心环纹，病情评定为轻度。记录时温度23.8℃、相对湿度88%。教学标注诊断为大豆靶斑病。
CASE-2025-0137,CASE-2025-0137,DiseaseCase,CASE-2025-0137,2025-09-04在浦口区记录一例大豆叶部或根茎异常。现场观察为受叶脉限制的角形斑，并伴有黄色晕圈，并伴有叶片发黄，病情评定为中度。记录时温度26.5℃、相对湿度90%。教学标注诊断为大豆细菌性斑点病。
CASE-2025-0138,CASE-2025-0138,DiseaseCase,CASE-2025-0138,2025-09-14在高淳区记录一例大豆叶部或根茎异常。现场观察为褐色近圆形病斑，并伴有靶纹，病情评定为中度。记录时温度26.0℃、相对湿度84%。教学标注诊断为大豆靶斑病。
CASE-2025-0139,CASE-2025-0139,DiseaseCase,CASE-2025-0139,2025-09-24在江宁区记录一例大豆叶部或根茎异常。现场观察为水渍状角斑，并伴有病斑外缘黄晕，病情评定为较重。记录时温度25.5℃、相对湿度86%。教学标注诊断为大豆细菌性斑点病。
CASE-2025-0140,CASE-2025-0140,DiseaseCase,CASE-2025-0140,2025-09-06在溧水区记录一例大豆叶部或根茎异常。现场观察为边缘颜色较深、轮廓接近圆形的棕褐斑块，并伴有同心轮纹，病情评定为轻度。记录时温度25.0℃、相对湿度89%。教学标注诊断为大豆靶斑病。
CASE-2025-0141,CASE-2025-0141,DiseaseCase,CASE-2025-0141,2025-05-01在六合区记录一例大豆叶部或根茎异常。现场观察为灰白中心紫褐边缘，并伴有叶片发黄，病情评定为中度。记录时温度22.5℃、相对湿度84%。教学标注诊断为大豆灰斑病。
CASE-2025-0142,CASE-2025-0142,DiseaseCase,CASE-2025-0142,2025-05-11在浦口区记录一例大豆叶部或根茎异常。现场观察为凹陷坏死斑，并伴有豆荚条形病斑，病情评定为中度。记录时温度22.0℃、相对湿度88%。教学标注诊断为大豆炭疽病。
CASE-2025-0143,CASE-2025-0143,DiseaseCase,CASE-2025-0143,2025-05-21在高淳区记录一例大豆叶部或根茎异常。现场观察为紫褐色斑缘，并伴有叶片黄化，病情评定为较重。记录时温度21.5℃、相对湿度80%。教学标注诊断为大豆灰斑病。
CASE-2025-0144,CASE-2025-0144,DiseaseCase,CASE-2025-0144,2025-05-03在江宁区记录一例大豆叶部或根茎异常。现场观察为黑褐色凹陷斑，并伴有茎部条斑，病情评定为轻度。记录时温度24.2℃、相对湿度84%。教学标注诊断为大豆炭疽病。
CASE-2025-0145,CASE-2025-0145,DiseaseCase,CASE-2025-0145,2025-05-13在溧水区记录一例大豆叶部或根茎异常。现场观察为灰白斑心，并伴有叶色变黄，病情评定为中度。记录时温度23.8℃、相对湿度85%。教学标注诊断为大豆灰斑病。
CASE-2025-0146,CASE-2025-0146,DiseaseCase,CASE-2025-0146,2025-06-08在六合区记录一例大豆叶部或根茎异常。现场观察为紫褐色斑缘，并伴有叶片黄化，病情评定为中度。记录时温度26.2℃、相对湿度83%。教学标注诊断为大豆灰斑病。
CASE-2025-0147,CASE-2025-0147,DiseaseCase,CASE-2025-0147,2025-06-18在浦口区记录一例大豆叶部或根茎异常。现场观察为黑褐色凹陷斑，并伴有茎部条斑，病情评定为较重。记录时温度25.8℃、相对湿度87%。教学标注诊断为大豆炭疽病。
CASE-2025-0148,CASE-2025-0148,DiseaseCase,CASE-2025-0148,2025-06-28在高淳区记录一例大豆叶部或根茎异常。现场观察为灰白斑心，并伴有叶色变黄，病情评定为轻度。记录时温度25.2℃、相对湿度79%。教学标注诊断为大豆灰斑病。
CASE-2025-0149,CASE-2025-0149,DiseaseCase,CASE-2025-0149,2025-06-10在江宁区记录一例大豆叶部或根茎异常。现场观察为黑褐色下陷病斑，并伴有茎荚条状病斑，并伴有叶片发黄，病情评定为中度。记录时温度24.8℃、相对湿度92%。教学标注诊断为大豆炭疽病。
CASE-2025-0150,CASE-2025-0150,DiseaseCase,CASE-2025-0150,2025-06-20在溧水区记录一例大豆叶部或根茎异常。现场观察为灰白中心紫褐边缘，并伴有叶片发黄，病情评定为中度。记录时温度27.5℃、相对湿度84%。教学标注诊断为大豆灰斑病。
CASE-2025-0151,CASE-2025-0151,DiseaseCase,CASE-2025-0151,2025-08-15在六合区记录一例大豆叶部或根茎异常。现场观察为水渍状角斑，并伴有病斑外缘黄晕，病情评定为较重。记录时温度30.0℃、相对湿度89%。教学标注诊断为大豆细菌性斑点病。
CASE-2025-0152,CASE-2025-0152,DiseaseCase,CASE-2025-0152,2025-07-25在浦口区记录一例大豆叶部或根茎异常。现场观察为黑褐色下陷病斑，并伴有茎荚条状病斑，病情评定为轻度。记录时温度28.5℃、相对湿度86%。教学标注诊断为大豆炭疽病。
CASE-2025-0153,CASE-2025-0153,DiseaseCase,CASE-2025-0153,2025-07-07在高淳区记录一例大豆叶部或根茎异常。现场观察为灰白中心紫褐边缘，并伴有叶片发黄，病情评定为中度。记录时温度28.0℃、相对湿度78%。教学标注诊断为大豆灰斑病。
CASE-2025-0154,CASE-2025-0154,DiseaseCase,CASE-2025-0154,2025-07-17在江宁区记录一例大豆叶部或根茎异常。现场观察为凹陷坏死斑，并伴有豆荚条形病斑，病情评定为中度。记录时温度27.5℃、相对湿度91%。教学标注诊断为大豆炭疽病。
CASE-2025-0155,CASE-2025-0155,DiseaseCase,CASE-2025-0155,2025-07-27在溧水区记录一例大豆叶部或根茎异常。现场观察为紫褐色斑缘，并伴有叶片黄化，病情评定为较重。记录时温度27.0℃、相对湿度83%。教学标注诊断为大豆灰斑病。
CASE-2025-0156,CASE-2025-0156,DiseaseCase,CASE-2025-0156,2025-09-22在六合区记录一例大豆叶部或根茎异常。现场观察为角斑水渍状，并伴有黄绿色晕圈，病情评定为轻度。记录时温度23.5℃、相对湿度88%。教学标注诊断为大豆细菌性斑点病。
CASE-2025-0157,CASE-2025-0157,DiseaseCase,CASE-2025-0157,2025-08-04在浦口区记录一例大豆叶部或根茎异常。现场观察为凹陷坏死斑，并伴有豆荚条形病斑，并伴有叶片黄化，病情评定为中度。记录时温度30.2℃、相对湿度85%。教学标注诊断为大豆炭疽病。
CASE-2025-0158,CASE-2025-0158,DiseaseCase,CASE-2025-0158,2025-08-14在高淳区记录一例大豆叶部或根茎异常。现场观察为紫褐色斑缘，并伴有叶片黄化，病情评定为中度。记录时温度29.8℃、相对湿度86%。教学标注诊断为大豆灰斑病。
CASE-2025-0159,CASE-2025-0159,DiseaseCase,CASE-2025-0159,2025-08-24在江宁区记录一例大豆叶部或根茎异常。现场观察为黑褐色凹陷斑，并伴有茎部条斑，病情评定为较重。记录时温度29.2℃、相对湿度90%。教学标注诊断为大豆炭疽病。
CASE-2025-0160,CASE-2025-0160,DiseaseCase,CASE-2025-0160,2025-08-06在溧水区记录一例大豆叶部或根茎异常。现场观察为灰白斑心，并伴有叶色变黄，病情评定为轻度。记录时温度28.8℃、相对湿度82%。教学标注诊断为大豆灰斑病。
CASE-2025-0161,CASE-2025-0161,DiseaseCase,CASE-2025-0161,2025-05-01在六合区记录一例大豆叶部或根茎异常。现场观察为黑褐色下陷病斑，并伴有茎荚条状病斑，并伴有叶片发黄，病情评定为中度。记录时温度22.2℃、相对湿度86%。教学标注诊断为大豆炭疽病。
CASE-2025-0162,CASE-2025-0162,DiseaseCase,CASE-2025-0162,2025-09-11在浦口区记录一例大豆叶部或根茎异常。现场观察为黑褐色凹陷斑，并伴有茎部条斑，病情评定为中度。记录时温度23.8℃、相对湿度84%。教学标注诊断为大豆炭疽病。
CASE-2025-0163,CASE-2025-0163,DiseaseCase,CASE-2025-0163,2025-09-21在高淳区记录一例大豆叶部或根茎异常。现场观察为灰白斑心，并伴有叶色变黄，病情评定为较重。记录时温度26.5℃、相对湿度85%。教学标注诊断为大豆灰斑病。
CASE-2025-0164,CASE-2025-0164,DiseaseCase,CASE-2025-0164,2025-09-03在江宁区记录一例大豆叶部或根茎异常。现场观察为黑褐色下陷病斑，并伴有茎荚条状病斑，病情评定为轻度。记录时温度26.0℃、相对湿度89%。教学标注诊断为大豆炭疽病。
CASE-2025-0165,CASE-2025-0165,DiseaseCase,CASE-2025-0165,2025-09-13在溧水区记录一例大豆叶部或根茎异常。现场观察为灰白中心紫褐边缘，并伴有叶片发黄，病情评定为中度。记录时温度25.5℃、相对湿度81%。教学标注诊断为大豆灰斑病。
CASE-2025-0166,CASE-2025-0166,DiseaseCase,CASE-2025-0166,2025-06-08在六合区记录一例大豆叶部或根茎异常。现场观察为凹陷坏死斑，并伴有豆荚条形病斑，病情评定为中度。记录时温度26.0℃、相对湿度85%。教学标注诊断为大豆炭疽病。
CASE-2025-0167,CASE-2025-0167,DiseaseCase,CASE-2025-0167,2025-05-18在浦口区记录一例大豆叶部或根茎异常。现场观察为边缘颜色较深、轮廓接近圆形的棕褐斑块，并伴有病斑边缘深褐，病情评定为较重。记录时温度22.5℃、相对湿度90%。教学标注诊断为大豆褐斑病。
CASE-2025-0168,CASE-2025-0168,DiseaseCase,CASE-2025-0168,2025-05-28在高淳区记录一例大豆叶部或根茎异常。现场观察为叶背褐色小疱，并伴有粉末状物，病情评定为轻度。记录时温度22.0℃、相对湿度89%。教学标注诊断为大豆锈病。
CASE-2025-0169,CASE-2025-0169,DiseaseCase,CASE-2025-0169,2025-05-10在江宁区记录一例大豆叶部或根茎异常。现场观察为棕褐色近圆斑，并伴有深褐色边界，并伴有叶片黄化，病情评定为中度。记录时温度21.5℃、相对湿度86%。教学标注诊断为大豆褐斑病。
CASE-2025-0170,CASE-2025-0170,DiseaseCase,CASE-2025-0170,2025-05-20在溧水区记录一例大豆叶部或根茎异常。现场观察为叶背小疱斑，并伴有粉末状孢子，病情评定为中度。记录时温度24.2℃、相对湿度85%。教学标注诊断为大豆锈病。
CASE-2025-0171,CASE-2025-0171,DiseaseCase,CASE-2025-0171,2025-08-15在六合区记录一例大豆叶部或根茎异常。现场观察为褐色近圆形病斑，并伴有靶纹，病情评定为较重。记录时温度29.8℃、相对湿度81%。教学标注诊断为大豆靶斑病。
CASE-2025-0172,CASE-2025-0172,DiseaseCase,CASE-2025-0172,2025-06-25在浦口区记录一例大豆叶部或根茎异常。现场观察为棕褐色近圆斑，并伴有深褐色边界，病情评定为轻度。记录时温度26.2℃、相对湿度89%。教学标注诊断为大豆褐斑病。
CASE-2025-0173,CASE-2025-0173,DiseaseCase,CASE-2025-0173,2025-06-07在高淳区记录一例大豆叶部或根茎异常。现场观察为叶背小疱斑，并伴有粉末状孢子，并伴有叶片发黄，病情评定为中度。记录时温度25.8℃、相对湿度88%。教学标注诊断为大豆锈病。
CASE-2025-0174,CASE-2025-0174,DiseaseCase,CASE-2025-0174,2025-06-17在江宁区记录一例大豆叶部或根茎异常。现场观察为褐色近圆形病斑，并伴有病斑边缘颜色较深，病情评定为中度。记录时温度25.2℃、相对湿度85%。教学标注诊断为大豆褐斑病。
CASE-2025-0175,CASE-2025-0175,DiseaseCase,CASE-2025-0175,2025-06-27在溧水区记录一例大豆叶部或根茎异常。现场观察为褐色孢子堆，并伴有孢子粉，病情评定为较重。记录时温度24.8℃、相对湿度84%。教学标注诊断为大豆锈病。
CASE-2025-0176,CASE-2025-0176,DiseaseCase,CASE-2025-0176,2025-09-22在六合区记录一例大豆叶部或根茎异常。现场观察为边缘颜色较深、轮廓接近圆形的棕褐斑块，并伴有同心轮纹，病情评定为轻度。记录时温度26.5℃、相对湿度89%。教学标注诊断为大豆靶斑病。
CASE-2025-0177,CASE-2025-0177,DiseaseCase,CASE-2025-0177,2025-07-04在浦口区记录一例大豆叶部或根茎异常。现场观察为褐色近圆形病斑，并伴有病斑边缘颜色较深，并伴有叶色变黄，病情评定为中度。记录时温度29.0℃、相对湿度88%。教学标注诊断为大豆褐斑病。
CASE-2025-0178,CASE-2025-0178,DiseaseCase,CASE-2025-0178,2025-07-14在高淳区记录一例大豆叶部或根茎异常。现场观察为褐色孢子堆，并伴有孢子粉，病情评定为中度。记录时温度28.5℃、相对湿度87%。教学标注诊断为大豆锈病。
CASE-2025-0179,CASE-2025-0179,DiseaseCase,CASE-2025-0179,2025-07-24在江宁区记录一例大豆叶部或根茎异常。现场观察为边缘颜色较深、轮廓接近圆形的棕褐斑块，并伴有病斑边缘深褐，病情评定为较重。记录时温度28.0℃、相对湿度84%。教学标注诊断为大豆褐斑病。
CASE-2025-0180,CASE-2025-0180,DiseaseCase,CASE-2025-0180,2025-07-06在溧水区记录一例大豆叶部或根茎异常。现场观察为叶背褐色小疱，并伴有粉末状物，病情评定为轻度。记录时温度27.5℃、相对湿度83%。教学标注诊断为大豆锈病。
CASE-2025-0181,CASE-2025-0181,DiseaseCase,CASE-2025-0181,2025-05-01在六合区记录一例大豆叶部或根茎异常。现场观察为灰白斑心，并伴有叶色变黄，病情评定为中度。记录时温度22.0℃、相对湿度85%。教学标注诊断为大豆灰斑病。
CASE-2025-0182,CASE-2025-0182,DiseaseCase,CASE-2025-0182,2025-08-11在浦口区记录一例大豆叶部或根茎异常。现场观察为边缘颜色较深、轮廓接近圆形的棕褐斑块，并伴有病斑边缘深褐，病情评定为中度。记录时温度27.5℃、相对湿度87%。教学标注诊断为大豆褐斑病。
CASE-2025-0183,CASE-2025-0183,DiseaseCase,CASE-2025-0183,2025-08-21在高淳区记录一例大豆叶部或根茎异常。现场观察为叶背褐色小疱，并伴有粉末状物，病情评定为较重。记录时温度30.2℃、相对湿度86%。教学标注诊断为大豆锈病。
CASE-2025-0184,CASE-2025-0184,DiseaseCase,CASE-2025-0184,2025-08-03在江宁区记录一例大豆叶部或根茎异常。现场观察为棕褐色近圆斑，并伴有深褐色边界，病情评定为轻度。记录时温度29.8℃、相对湿度83%。教学标注诊断为大豆褐斑病。
CASE-2025-0185,CASE-2025-0185,DiseaseCase,CASE-2025-0185,2025-08-13在溧水区记录一例大豆叶部或根茎异常。现场观察为叶背小疱斑，并伴有粉末状孢子，并伴有叶片发黄，病情评定为中度。记录时温度29.2℃、相对湿度91%。教学标注诊断为大豆锈病。
CASE-2025-0186,CASE-2025-0186,DiseaseCase,CASE-2025-0186,2025-06-08在六合区记录一例大豆叶部或根茎异常。现场观察为灰白中心紫褐边缘，并伴有叶片发黄，病情评定为中度。记录时温度25.8℃、相对湿度84%。教学标注诊断为大豆灰斑病。
CASE-2025-0187,CASE-2025-0187,DiseaseCase,CASE-2025-0187,2025-09-18在浦口区记录一例大豆叶部或根茎异常。现场观察为棕褐色近圆斑，并伴有深褐色边界，病情评定为较重。记录时温度24.2℃、相对湿度86%。教学标注诊断为大豆褐斑病。
CASE-2025-0188,CASE-2025-0188,DiseaseCase,CASE-2025-0188,2025-09-28在高淳区记录一例大豆叶部或根茎异常。现场观察为叶背小疱斑，并伴有粉末状孢子，病情评定为轻度。记录时温度23.8℃、相对湿度85%。教学标注诊断为大豆锈病。
CASE-2025-0189,CASE-2025-0189,DiseaseCase,CASE-2025-0189,2025-09-10在江宁区记录一例大豆叶部或根茎异常。现场观察为褐色近圆形病斑，并伴有病斑边缘颜色较深，并伴有叶色变黄，病情评定为中度。记录时温度26.5℃、相对湿度82%。教学标注诊断为大豆褐斑病。
CASE-2025-0190,CASE-2025-0190,DiseaseCase,CASE-2025-0190,2025-09-20在溧水区记录一例大豆叶部或根茎异常。现场观察为褐色孢子堆，并伴有孢子粉，病情评定为中度。记录时温度26.0℃、相对湿度90%。教学标注诊断为大豆锈病。
CASE-2025-0191,CASE-2025-0191,DiseaseCase,CASE-2025-0191,2025-08-15在六合区记录一例大豆叶部或根茎异常。现场观察为受叶脉限制的角形斑，并伴有黄色晕圈，病情评定为较重。记录时温度29.5℃、相对湿度90%。教学标注诊断为大豆细菌性斑点病。
CASE-2025-0192,CASE-2025-0192,DiseaseCase,CASE-2025-0192,2025-05-25在浦口区记录一例大豆叶部或根茎异常。现场观察为叶面淡黄斑，并伴有叶背霉层，病情评定为轻度。记录时温度23.0℃、相对湿度90%。教学标注诊断为大豆霜霉病。
CASE-2025-0193,CASE-2025-0193,DiseaseCase,CASE-2025-0193,2025-05-07在高淳区记录一例大豆叶部或根茎异常。现场观察为茎基部褐变，并伴有植株萎蔫，病情评定为中度。记录时温度22.5℃、相对湿度89%。教学标注诊断为大豆疫霉根腐病。
CASE-2025-0194,CASE-2025-0194,DiseaseCase,CASE-2025-0194,2025-05-17在江宁区记录一例大豆叶部或根茎异常。现场观察为叶面黄斑，并伴有叶背灰白霉层，病情评定为中度。记录时温度22.0℃、相对湿度95%。教学标注诊断为大豆霜霉病。
CASE-2025-0195,CASE-2025-0195,DiseaseCase,CASE-2025-0195,2025-05-27在溧水区记录一例大豆叶部或根茎异常。现场观察为茎基部暗褐变，并伴有根腐，病情评定为较重。记录时温度21.5℃、相对湿度94%。教学标注诊断为大豆疫霉根腐病。
CASE-2025-0196,CASE-2025-0196,DiseaseCase,CASE-2025-0196,2025-09-22在六合区记录一例大豆叶部或根茎异常。现场观察为水渍状角斑，并伴有病斑外缘黄晕，病情评定为轻度。记录时温度26.2℃、相对湿度89%。教学标注诊断为大豆细菌性斑点病。
CASE-2025-0197,CASE-2025-0197,DiseaseCase,CASE-2025-0197,2025-06-04在浦口区记录一例大豆叶部或根茎异常。现场观察为叶面黄斑，并伴有叶背灰白霉层，并伴有叶片发黄，病情评定为中度。记录时温度26.8℃、相对湿度89%。教学标注诊断为大豆霜霉病。
CASE-2025-0198,CASE-2025-0198,DiseaseCase,CASE-2025-0198,2025-06-14在高淳区记录一例大豆叶部或根茎异常。现场观察为茎基部暗褐变，并伴有根腐，病情评定为中度。记录时温度26.2℃、相对湿度88%。教学标注诊断为大豆疫霉根腐病。
CASE-2025-0199,CASE-2025-0199,DiseaseCase,CASE-2025-0199,2025-06-24在江宁区记录一例大豆叶部或根茎异常。现场观察为叶片淡黄色斑块，并伴有灰白色霉状物，病情评定为较重。记录时温度25.8℃、相对湿度94%。教学标注诊断为大豆霜霉病。
CASE-2025-0200,CASE-2025-0200,DiseaseCase,CASE-2025-0200,2025-06-06在溧水区记录一例大豆叶部或根茎异常。现场观察为近地面茎部变暗，并伴有根系腐烂萎蔫，病情评定为轻度。记录时温度25.2℃、相对湿度93%。教学标注诊断为大豆疫霉根腐病。
CASE-2025-0201,CASE-2025-0201,DiseaseCase,CASE-2025-0201,2025-05-01在六合区记录一例大豆叶部或根茎异常。现场观察为黑褐色凹陷斑，并伴有茎部条斑，并伴有叶色变黄，病情评定为中度。记录时温度21.8℃、相对湿度87%。教学标注诊断为大豆炭疽病。
CASE-2025-0202,CASE-2025-0202,DiseaseCase,CASE-2025-0202,2025-07-11在浦口区记录一例大豆叶部或根茎异常。现场观察为叶片淡黄色斑块，并伴有灰白色霉状物，病情评定为中度。记录时温度29.5℃、相对湿度88%。教学标注诊断为大豆霜霉病。
CASE-2025-0203,CASE-2025-0203,DiseaseCase,CASE-2025-0203,2025-07-21在高淳区记录一例大豆叶部或根茎异常。现场观察为近地面茎部变暗，并伴有根系腐烂萎蔫，病情评定为较重。记录时温度29.0℃、相对湿度96%。教学标注诊断为大豆疫霉根腐病。
CASE-2025-0204,CASE-2025-0204,DiseaseCase,CASE-2025-0204,2025-07-03在江宁区记录一例大豆叶部或根茎异常。现场观察为叶面淡黄斑，并伴有叶背霉层，病情评定为轻度。记录时温度28.5℃、相对湿度93%。教学标注诊断为大豆霜霉病。
CASE-2025-0205,CASE-2025-0205,DiseaseCase,CASE-2025-0205,2025-07-13在溧水区记录一例大豆叶部或根茎异常。现场观察为茎基部褐变，并伴有植株萎蔫，病情评定为中度。记录时温度28.0℃、相对湿度92%。教学标注诊断为大豆疫霉根腐病。
CASE-2025-0206,CASE-2025-0206,DiseaseCase,CASE-2025-0206,2025-06-08在六合区记录一例大豆叶部或根茎异常。现场观察为黑褐色下陷病斑，并伴有茎荚条状病斑，病情评定为中度。记录时温度25.5℃、相对湿度86%。教学标注诊断为大豆炭疽病。
CASE-2025-0207,CASE-2025-0207,DiseaseCase,CASE-2025-0207,2025-08-18在浦口区记录一例大豆叶部或根茎异常。现场观察为叶面淡黄斑，并伴有叶背霉层，病情评定为较重。记录时温度28.0℃、相对湿度87%。教学标注诊断为大豆霜霉病。
CASE-2025-0208,CASE-2025-0208,DiseaseCase,CASE-2025-0208,2025-08-28在高淳区记录一例大豆叶部或根茎异常。现场观察为茎基部褐变，并伴有植株萎蔫，病情评定为轻度。记录时温度27.5℃、相对湿度95%。教学标注诊断为大豆疫霉根腐病。
CASE-2025-0209,CASE-2025-0209,DiseaseCase,CASE-2025-0209,2025-08-10在江宁区记录一例大豆叶部或根茎异常。现场观察为叶面黄斑，并伴有叶背灰白霉层，并伴有叶片发黄，病情评定为中度。记录时温度30.2℃、相对湿度92%。教学标注诊断为大豆霜霉病。
CASE-2025-0210,CASE-2025-0210,DiseaseCase,CASE-2025-0210,2025-08-20在溧水区记录一例大豆叶部或根茎异常。现场观察为茎基部暗褐变，并伴有根腐，病情评定为中度。记录时温度29.8℃、相对湿度91%。教学标注诊断为大豆疫霉根腐病。
CASE-2025-0211,CASE-2025-0211,DiseaseCase,CASE-2025-0211,2025-08-15在六合区记录一例大豆叶部或根茎异常。现场观察为棕褐色近圆斑，并伴有同心环纹，病情评定为较重。记录时温度29.2℃、相对湿度82%。教学标注诊断为大豆靶斑病。
CASE-2025-0212,CASE-2025-0212,DiseaseCase,CASE-2025-0212,2025-09-25在浦口区记录一例大豆叶部或根茎异常。现场观察为叶面黄斑，并伴有叶背灰白霉层，病情评定为轻度。记录时温度24.8℃、相对湿度95%。教学标注诊断为大豆霜霉病。
CASE-2025-0213,CASE-2025-0213,DiseaseCase,CASE-2025-0213,2025-09-07在高淳区记录一例大豆叶部或根茎异常。现场观察为茎基部暗褐变，并伴有根腐，病情评定为中度。记录时温度24.2℃、相对湿度94%。教学标注诊断为大豆疫霉根腐病。
CASE-2025-0214,CASE-2025-0214,DiseaseCase,CASE-2025-0214,2025-09-17在江宁区记录一例大豆叶部或根茎异常。现场观察为叶片淡黄色斑块，并伴有灰白色霉状物，病情评定为中度。记录时温度23.8℃、相对湿度91%。教学标注诊断为大豆霜霉病。
CASE-2025-0215,CASE-2025-0215,DiseaseCase,CASE-2025-0215,2025-09-27在溧水区记录一例大豆叶部或根茎异常。现场观察为近地面茎部变暗，并伴有根系腐烂萎蔫，病情评定为较重。记录时温度26.5℃、相对湿度90%。教学标注诊断为大豆疫霉根腐病。
CASE-2025-0216,CASE-2025-0216,DiseaseCase,CASE-2025-0216,2025-09-22在六合区记录一例大豆叶部或根茎异常。现场观察为褐色近圆形病斑，并伴有靶纹，病情评定为轻度。记录时温度26.0℃、相对湿度81%。教学标注诊断为大豆靶斑病。
CASE-2025-0217,CASE-2025-0217,DiseaseCase,CASE-2025-0217,2025-05-04在浦口区记录一例大豆叶部或根茎异常。现场观察为棕褐色近圆斑，并伴有同心环纹，并伴有叶片黄化，病情评定为中度。记录时温度23.5℃、相对湿度88%。教学标注诊断为大豆靶斑病。
CASE-2025-0218,CASE-2025-0218,DiseaseCase,CASE-2025-0218,2025-05-14在高淳区记录一例大豆叶部或根茎异常。现场观察为受叶脉限制的角形斑，并伴有黄色晕圈，病情评定为中度。记录时温度23.0℃、相对湿度90%。教学标注诊断为大豆细菌性斑点病。
CASE-2025-0219,CASE-2025-0219,DiseaseCase,CASE-2025-0219,2025-05-24在江宁区记录一例大豆叶部或根茎异常。现场观察为褐色近圆形病斑，并伴有靶纹，病情评定为较重。记录时温度22.5℃、相对湿度84%。教学标注诊断为大豆靶斑病。
CASE-2025-0220,CASE-2025-0220,DiseaseCase,CASE-2025-0220,2025-05-06在溧水区记录一例大豆叶部或根茎异常。现场观察为水渍状角斑，并伴有病斑外缘黄晕，病情评定为轻度。记录时温度22.0℃、相对湿度86%。教学标注诊断为大豆细菌性斑点病。
CASE-2025-0221,CASE-2025-0221,DiseaseCase,CASE-2025-0221,2025-05-01在六合区记录一例大豆叶部或根茎异常。现场观察为紫褐色斑缘，并伴有叶片黄化，病情评定为中度。记录时温度21.5℃、相对湿度86%。教学标注诊断为大豆灰斑病。
CASE-2025-0222,CASE-2025-0222,DiseaseCase,CASE-2025-0222,2025-06-11在浦口区记录一例大豆叶部或根茎异常。现场观察为褐色近圆形病斑，并伴有靶纹，病情评定为中度。记录时温度27.2℃、相对湿度87%。教学标注诊断为大豆靶斑病。
CASE-2025-0223,CASE-2025-0223,DiseaseCase,CASE-2025-0223,2025-06-21在高淳区记录一例大豆叶部或根茎异常。现场观察为水渍状角斑，并伴有病斑外缘黄晕，病情评定为较重。记录时温度26.8℃、相对湿度89%。教学标注诊断为大豆细菌性斑点病。
CASE-2025-0224,CASE-2025-0224,DiseaseCase,CASE-2025-0224,2025-06-03在江宁区记录一例大豆叶部或根茎异常。现场观察为边缘颜色较深、轮廓接近圆形的棕褐斑块，并伴有同心轮纹，病情评定为轻度。记录时温度26.2℃、相对湿度83%。教学标注诊断为大豆靶斑病。
CASE-2025-0225,CASE-2025-0225,DiseaseCase,CASE-2025-0225,2025-06-13在溧水区记录一例大豆叶部或根茎异常。现场观察为角斑水渍状，并伴有黄绿色晕圈，并伴有叶色变黄，病情评定为中度。记录时温度25.8℃、相对湿度85%。教学标注诊断为大豆细菌性斑点病。
CASE-2025-0226,CASE-2025-0226,DiseaseCase,CASE-2025-0226,2025-06-08在六合区记录一例大豆叶部或根茎异常。现场观察为灰白斑心，并伴有叶色变黄，病情评定为中度。记录时温度25.2℃、相对湿度85%。教学标注诊断为大豆灰斑病。
CASE-2025-0227,CASE-2025-0227,DiseaseCase,CASE-2025-0227,2025-07-18在浦口区记录一例大豆叶部或根茎异常。现场观察为边缘颜色较深、轮廓接近圆形的棕褐斑块，并伴有同心轮纹，病情评定为较重。记录时温度26.8℃、相对湿度86%。教学标注诊断为大豆靶斑病。
CASE-2025-0228,CASE-2025-0228,DiseaseCase,CASE-2025-0228,2025-07-28在高淳区记录一例大豆叶部或根茎异常。现场观察为角斑水渍状，并伴有黄绿色晕圈，病情评定为轻度。记录时温度29.5℃、相对湿度88%。教学标注诊断为大豆细菌性斑点病。
CASE-2025-0229,CASE-2025-0229,DiseaseCase,CASE-2025-0229,2025-07-10在江宁区记录一例大豆叶部或根茎异常。现场观察为棕褐色近圆斑，并伴有同心环纹，并伴有叶片黄化，病情评定为中度。记录时温度29.0℃、相对湿度82%。教学标注诊断为大豆靶斑病。
CASE-2025-0230,CASE-2025-0230,DiseaseCase,CASE-2025-0230,2025-07-20在溧水区记录一例大豆叶部或根茎异常。现场观察为受叶脉限制的角形斑，并伴有黄色晕圈，病情评定为中度。记录时温度28.5℃、相对湿度93%。教学标注诊断为大豆细菌性斑点病。
CASE-2025-0231,CASE-2025-0231,DiseaseCase,CASE-2025-0231,2025-08-15在六合区记录一例大豆叶部或根茎异常。现场观察为角斑水渍状，并伴有黄绿色晕圈，病情评定为较重。记录时温度29.0℃、相对湿度91%。教学标注诊断为大豆细菌性斑点病。
CASE-2025-0232,CASE-2025-0232,DiseaseCase,CASE-2025-0232,2025-08-25在浦口区记录一例大豆叶部或根茎异常。现场观察为棕褐色近圆斑，并伴有同心环纹，病情评定为轻度。记录时温度28.5℃、相对湿度85%。教学标注诊断为大豆靶斑病。
CASE-2025-0233,CASE-2025-0233,DiseaseCase,CASE-2025-0233,2025-08-07在高淳区记录一例大豆叶部或根茎异常。现场观察为受叶脉限制的角形斑，并伴有黄色晕圈，并伴有叶片发黄，病情评定为中度。记录时温度28.0℃、相对湿度87%。教学标注诊断为大豆细菌性斑点病。
CASE-2025-0234,CASE-2025-0234,DiseaseCase,CASE-2025-0234,2025-08-17在江宁区记录一例大豆叶部或根茎异常。现场观察为褐色近圆形病斑，并伴有靶纹，病情评定为中度。记录时温度27.5℃、相对湿度81%。教学标注诊断为大豆靶斑病。
CASE-2025-0235,CASE-2025-0235,DiseaseCase,CASE-2025-0235,2025-08-27在溧水区记录一例大豆叶部或根茎异常。现场观察为水渍状角斑，并伴有病斑外缘黄晕，病情评定为较重。记录时温度30.2℃、相对湿度92%。教学标注诊断为大豆细菌性斑点病。
CASE-2025-0236,CASE-2025-0236,DiseaseCase,CASE-2025-0236,2025-09-22在六合区记录一例大豆叶部或根茎异常。现场观察为受叶脉限制的角形斑，并伴有黄色晕圈，病情评定为轻度。记录时温度25.8℃、相对湿度90%。教学标注诊断为大豆细菌性斑点病。
CASE-2025-0237,CASE-2025-0237,DiseaseCase,CASE-2025-0237,2025-09-04在浦口区记录一例大豆叶部或根茎异常。现场观察为褐色近圆形病斑，并伴有靶纹，并伴有叶色变黄，病情评定为中度。记录时温度25.2℃、相对湿度84%。教学标注诊断为大豆靶斑病。
CASE-2025-0238,CASE-2025-0238,DiseaseCase,CASE-2025-0238,2025-09-14在高淳区记录一例大豆叶部或根茎异常。现场观察为水渍状角斑，并伴有病斑外缘黄晕，病情评定为中度。记录时温度24.8℃、相对湿度86%。教学标注诊断为大豆细菌性斑点病。
CASE-2025-0239,CASE-2025-0239,DiseaseCase,CASE-2025-0239,2025-09-24在江宁区记录一例大豆叶部或根茎异常。现场观察为边缘颜色较深、轮廓接近圆形的棕褐斑块，并伴有同心轮纹，病情评定为较重。记录时温度24.2℃、相对湿度89%。教学标注诊断为大豆靶斑病。
CASE-2025-0240,CASE-2025-0240,DiseaseCase,CASE-2025-0240,2025-09-06在溧水区记录一例大豆叶部或根茎异常。现场观察为角斑水渍状，并伴有黄绿色晕圈，病情评定为轻度。记录时温度23.8℃、相对湿度91%。教学标注诊断为大豆细菌性斑点病。
